1.382301330566406250e+00,0.000000000000000000e+00,1.311849197313038173e+00,4.621184634573685668e-02,2.994176302086904579e-02,-6.938893903907228378e-18,0.000000000000000000e+00
1.382301330566406250e+00,0.000000000000000000e+00,1.362470803704834976e+00,-1.374773614589920978e+00,5.013540733251099085e-03,5.606849426192574271e+01,0.000000000000000000e+00
1.256637573242187500e+00,-3.141589355468750000e+01,1.322364793164596319e+00,-4.366111763217452868e+00,3.780769129148635159e-03,7.991302925123454770e+01,0.000000000000000000e+00
1.256637573242187500e+00,0.000000000000000000e+00,1.285859545092467249e+00,-6.262914572711934191e+00,2.830319851340394426e-03,6.397530558634883846e+01,0.000000000000000000e+00
1.130973815917968750e+00,-3.141601562500000000e+01,1.223007095394046617e+00,-1.080468745016981025e+01,3.939826544839691164e-03,1.230971666338010948e+02,0.000000000000000000e+00
1.130973815917968750e+00,0.000000000000000000e+00,1.162620897529454522e+00,-1.257304453630067798e+01,4.119189398491397529e-03,8.624671729359938865e+01,0.000000000000000000e+00
1.130973815917968750e+00,0.000000000000000000e+00,1.125025998901912239e+00,-1.240862208465568273e+01,2.995693221992061245e-03,6.118788991712009562e+01,0.000000000000000000e+00
1.005310058593750000e+00,-3.141589355468750000e+01,1.052376024395691001e+00,-1.571307924365137332e+01,2.998312409062057170e-03,7.063364406447549015e+01,0.000000000000000000e+00
1.005310058593750000e+00,0.000000000000000000e+00,9.914664542573030648e-01,-1.581936121311939303e+01,2.436284684401904873e-03,5.335756727755646978e+01,0.000000000000000000e+00
8.796463012695312500e-01,-3.141589355468750000e+01,9.134531042447200377e-01,-1.814989442800807851e+01,2.302186409044545967e-03,5.653344858896824121e+01,0.000000000000000000e+00
8.796463012695312500e-01,0.000000000000000000e+00,8.579789481175982280e-01,-1.770982033174754022e+01,2.077031082982781253e-03,5.058824760473626014e+01,0.000000000000000000e+00
7.539825439453125000e-01,-3.141601562500000000e+01,7.703318877095333139e-01,-1.928639733174405890e+01,1.911317392406900210e-03,4.756409819111532045e+01,0.000000000000000000e+00
7.539825439453125000e-01,0.000000000000000000e+00,7.132343666714110464e-01,-1.826496600020593775e+01,1.996438257019134827e-03,5.529785741065801830e+01,0.000000000000000000e+00
6.283187866210937500e-01,-3.141589355468750000e+01,6.325951350474039447e-01,-1.963430348020054339e+01,1.844269722341604226e-03,4.588919753101165355e+01,0.000000000000000000e+00
5.026550292968750000e-01,-3.141601562500000000e+01,5.360800043933167114e-01,-2.118300024009105798e+01,1.854555796217017150e-03,5.131051633757871144e+01,0.000000000000000000e+00
5.026550292968750000e-01,0.000000000000000000e+00,4.685990120953451576e-01,-2.008580906228905860e+01,1.862205760837807710e-03,5.120291418834884922e+01,0.000000000000000000e+00
3.769912719726562500e-01,-3.141589355468750000e+01,3.861016599936704097e-01,-2.073273478180156104e+01,1.777217630183593666e-03,4.516858646990272064e+01,0.000000000000000000e+00
3.769912719726562500e-01,0.000000000000000000e+00,3.214945728728611507e-01,-1.861963561329354278e+01,2.143330552380592370e-03,6.403688197772073920e+01,0.000000000000000000e+00
2.513275146484375000e-01,-3.141589355468750000e+01,2.423285954468798187e-01,-1.909118163615108088e+01,2.116466739889602284e-03,4.950184874217841013e+01,0.000000000000000000e+00
1.256637573242187500e-01,-3.141601562500000000e+01,1.527036678384966484e-01,-2.031993408746622265e+01,1.850557727781776320e-03,4.905415608173656494e+01,0.000000000000000000e+00
1.256637573242187500e-01,0.000000000000000000e+00,8.827151062502139323e-02,-1.836955943684030856e+01,1.883483097785320238e-03,5.252989822452674673e+01,0.000000000000000000e+00
0.000000000000000000e+00,-3.141577148437500000e+01,1.158793931063084592e-02,-1.856823382120097676e+01,1.853674057686277446e-03,4.613651158367711957e+01,0.000000000000000000e+00
-1.256637573242187500e-01,-3.141589355468750000e+01,-8.278220197337961272e-02,-1.977252561111170692e+01,1.915570717789829647e-03,5.572673587996983002e+01,0.000000000000000000e+00
-1.256637573242187500e-01,0.000000000000000000e+00,-1.474323721595590664e-01,-1.785493953456423455e+01,1.770258022358996196e-03,4.707516911401987159e+01,0.000000000000000000e+00
-2.513275146484375000e-01,-3.141601562500000000e+01,-2.230308665395494550e-01,-1.805830151016789387e+01,1.980125354524238206e-03,5.058736770118474624e+01,0.000000000000000000e+00
-2.513275146484375000e-01,0.000000000000000000e+00,-2.821985972771025586e-01,-1.577993947577319389e+01,1.737214447328104842e-03,4.904370987987771002e+01,0.000000000000000000e+00
-3.769912719726562500e-01,-3.141589355468750000e+01,-3.575927202133645788e-01,-1.599244298627343319e+01,1.741350191279093492e-03,4.615956326507252783e+01,0.000000000000000000e+00
-5.026550292968750000e-01,-3.141601562500000000e+01,-4.392767689493868866e-01,-1.724701427671909215e+01,2.476452865520514281e-03,7.368717092560204662e+01,0.000000000000000000e+00
-5.026550292968750000e-01,0.000000000000000000e+00,-4.993368040701492427e-01,-1.533732129624459795e+01,2.059047615302305682e-03,4.865873685908061930e+01,0.000000000000000000e+00
-6.283187866210937500e-01,-3.141589355468750000e+01,-5.789112370255232731e-01,-1.579945216770274818e+01,2.722812478758655785e-03,6.688175961760516941e+01,0.000000000000000000e+00
-6.283187866210937500e-01,0.000000000000000000e+00,-6.296058392861766384e-01,-1.379610810093138973e+01,2.183877656735027338e-03,4.965723002259720431e+01,0.000000000000000000e+00
-7.539825439453125000e-01,-3.141595458984375000e+01,-7.061278994942910003e-01,-1.439307311634563469e+01,2.488453512629414891e-03,6.336480634341867102e+01,0.000000000000000000e+00
-7.539825439453125000e-01,0.000000000000000000e+00,-7.525669504098494444e-01,-1.215778881119156729e+01,2.209666376497482817e-03,5.005719300623556478e+01,-6.174366027832031145e-01
-7.539825439453125000e-01,0.000000000000000000e+00,-7.823121347777622914e-01,-9.522239915108487551e+00,1.984833143636097023e-03,5.105870619401063237e+01,-4.825488281250000025e-03
-7.539825439453125000e-01,0.000000000000000000e+00,-8.000798968586462223e-01,-6.302265278906736157e+00,2.118807641030770461e-03,6.121713024364857603e+01,-4.825488281250000025e-03
-7.539825439453125000e-01,0.000000000000000000e+00,-7.991782866899949100e-01,-2.999615713858233335e+00,2.881520315805255472e-03,7.002106833768898753e+01,-4.825488281250000025e-03
-7.539825439453125000e-01,0.000000000000000000e+00,-7.904787398562120870e-01,-3.015991765811407710e-01,3.293749780370513764e-03,7.094313283117159585e+01,-4.825488281250000025e-03
-7.539825439453125000e-01,0.000000000000000000e+00,-7.789420268108900869e-01,1.870980327629116591e+00,3.177477887506761824e-03,6.544563157458389924e+01,-4.825488281250000025e-03
-7.539825439453125000e-01,0.000000000000000000e+00,-7.657431936211607226e-01,3.065079806684167352e+00,2.526058014079266261e-03,5.517858169880177144e+01,-4.825488281250000025e-03
-7.539825439453125000e-01,0.000000000000000000e+00,-7.538256306562938214e-01,3.897173442518961028e+00,2.095885998710207004e-03,4.925059032682148086e+01,-4.825488281250000025e-03
-6.283187866210937500e-01,3.141595458984375000e+01,-7.031230253347162673e-01,7.975306928652588390e+00,3.093686744727403015e-03,8.671956308990202444e+01,-4.825488281250000025e-03
-6.283187866210937500e-01,0.000000000000000000e+00,-6.575354763492172738e-01,9.670700354715672020e+00,3.014962258973174439e-03,6.456378551604227312e+01,6.085898742675781570e-01
-6.283187866210937500e-01,0.000000000000000000e+00,-6.282752465619959592e-01,9.699877847049471313e+00,2.620301827045428463e-03,5.406996505101486861e+01,-4.021240234375000021e-03
-6.283187866210937500e-01,0.000000000000000000e+00,-6.072131674199651163e-01,8.998360592055673735e+00,1.995420843457227159e-03,5.023838306117156094e+01,-4.021240234375000021e-03
-5.026550292968750000e-01,3.141589355468750000e+01,-5.405673169841511694e-01,1.166501298165209910e+01,2.242007012308993089e-03,5.631679798078400978e+01,-4.021240234375000021e-03
-5.026550292968750000e-01,0.000000000000000000e+00,-4.970740338042413109e-01,1.193774476828241760e+01,1.988888366557497751e-03,4.740060234737627098e+01,6.093929321289062173e-01
-5.026550292968750000e-01,0.000000000000000000e+00,-4.725064245265815921e-01,1.100860112558514459e+01,1.835649524436110602e-03,5.005472448509623717e+01,-3.216992187500000017e-03
-5.026550292968750000e-01,0.000000000000000000e+00,-4.462222822806310440e-01,9.127093733945851994e+00,2.382271492180689041e-03,6.999932979732780325e+01,-3.216992187500000017e-03
-5.026550292968750000e-01,0.000000000000000000e+00,-4.409960095631472732e-01,6.708709948078319663e+00,3.996171937686246976e-03,9.357005087847424818e+01,-3.216992187500000017e-03
-5.026550292968750000e-01,0.000000000000000000e+00,-4.495453284928738191e-01,4.616726522246440645e+00,4.724905724263047703e-03,9.680325242898177862e+01,-3.216992187500000017e-03
-5.026550292968750000e-01,0.000000000000000000e+00,-4.666434254631053324e-01,2.225595415437684466e+00,4.769753963648606931e-03,8.949303461073506583e+01,-3.216992187500000017e-03
-3.769912719726562500e-01,3.141601562500000000e+01,-4.119678745539691045e-01,6.509001978768969465e+00,4.311156918940278054e-03,7.817983145362612163e+01,-3.216992187500000017e-03
-3.769912719726562500e-01,0.000000000000000000e+00,-3.771541099517549678e-01,7.326513997121102406e+00,2.717069982402516883e-03,5.587731711661795941e+01,6.101995605468749639e-01
-3.769912719726562500e-01,0.000000000000000000e+00,-3.662884790223026044e-01,6.702051200733770919e+00,2.287417726050031651e-03,5.139556242398992936e+01,-2.412744140625000012e-03
-3.769912719726562500e-01,0.000000000000000000e+00,-3.526979057978193999e-01,5.841961754292618103e+00,2.097542099209072364e-03,5.292399522699339087e+01,-2.412744140625000012e-03
-3.769912719726562500e-01,0.000000000000000000e+00,-3.376105117973132175e-01,4.907353310543207670e+00,2.419757874844990966e-03,6.190244385531750027e+01,-2.412744140625000012e-03
-3.769912719726562500e-01,0.000000000000000000e+00,-3.373092881141497856e-01,4.096068872305008490e+00,2.570482455620734085e-03,6.362883896779201365e+01,-2.412744140625000012e-03
-3.769912719726562500e-01,0.000000000000000000e+00,-3.393509964464092032e-01,2.997363136749546353e+00,2.820522349275131607e-03,6.560968563694731870e+01,-2.412744140625000012e-03
-2.513275146484375000e-01,3.141589355468750000e+01,-2.917450544865324291e-01,5.911654231954783789e+00,2.975186332996825750e-03,6.419733551905828506e+01,-2.412744140625000012e-03
-2.513275146484375000e-01,0.000000000000000000e+00,-2.603293587894121575e-01,6.832320816471407987e+00,2.107309960055978645e-03,4.908901035754516329e+01,6.110014282226562399e-01
-2.513275146484375000e-01,0.000000000000000000e+00,-2.453591067868474418e-01,6.507273396153890666e+00,1.946783925824512648e-03,4.687539796026992889e+01,-1.608496093750000008e-03
-2.513275146484375000e-01,0.000000000000000000e+00,-2.322457165261495871e-01,5.405257268236221435e+00,1.808453522584784704e-03,4.786746767286668103e+01,-1.608496093750000008e-03
-2.513275146484375000e-01,0.000000000000000000e+00,-2.155256286654341213e-01,4.645946596330765566e+00,2.030925796784501056e-03,5.540705968761297839e+01,-1.608496093750000008e-03
-2.513275146484375000e-01,0.000000000000000000e+00,-2.132022900848904445e-01,3.791669984734868493e+00,2.318217545142056950e-03,5.971108376115030580e+01,-1.608496093750000008e-03
-2.513275146484375000e-01,0.000000000000000000e+00,-2.154731258291226748e-01,2.653654554202914184e+00,2.477286386860129419e-03,6.061363804788899756e+01,-1.608496093750000008e-03
-2.513275146484375000e-01,0.000000000000000000e+00,-2.194171359747263961e-01,1.431419191552386172e+00,2.883100867152544201e-03,6.378264855478440154e+01,-1.608496093750000008e-03
-2.513275146484375000e-01,0.000000000000000000e+00,-2.237251521482518934e-01,9.957102065060985385e-01,2.767371376561237294e-03,6.111680141429083335e+01,-1.608496093750000008e-03
-2.513275146484375000e-01,0.000000000000000000e+00,-2.282397062825476386e-01,6.656603674003473969e-01,2.485655282757681661e-03,5.654143743356536334e+01,-1.608496093750000008e-03
-2.513275146484375000e-01,0.000000000000000000e+00,-2.344390620667763381e-01,3.442806791677343048e-01,2.232776116775590618e-03,5.236130159277929863e+01,-1.608496093750000008e-03
-2.513275146484375000e-01,0.000000000000000000e+00,-2.363260146160106878e-01,3.404542556297267542e-01,2.074301943701797012e-03,5.014609793917522040e+01,-1.608496093750000008e-03
-2.513275146484375000e-01,0.000000000000000000e+00,-2.377426696062054645e-01,3.804063100095411709e-01,1.911011975550787074e-03,4.797539335546516526e+01,-1.608496093750000008e-03
-2.513275146484375000e-01,0.000000000000000000e+00,-2.401468298935617307e-01,4.834863959942156120e-01,1.740044523948720400e-03,4.568399290671426627e+01,-1.608496093750000008e-03
-1.256637573242187500e-01,3.141601562500000000e+01,-2.079089341625344201e-01,3.658110808416097370e+00,2.662784430271572782e-03,8.723048576491027006e+01,-1.608496093750000008e-03
-1.256637573242187500e-01,0.000000000000000000e+00,-1.717263680335415765e-01,5.548991422435034515e+00,3.135277120975255537e-03,7.367281472573583301e+01,6.118080566406249865e-01
-1.256637573242187500e-01,0.000000000000000000e+00,-1.443376244196624691e-01,6.100837465668425885e+00,3.146675687755901528e-03,6.222467987648087018e+01,-8.042480468750000042e-04
-1.256637573242187500e-01,0.000000000000000000e+00,-1.310965013666650913e-01,5.277340995856400596e+00,2.591392303178993717e-03,5.557628568936960534e+01,-8.042480468750000042e-04
-1.256637573242187500e-01,0.000000000000000000e+00,-1.123330221068457174e-01,4.915075221781221693e+00,1.931580964683687765e-03,4.802364116249356130e+01,-8.042480468750000042e-04
-1.256637573242187500e-01,0.000000000000000000e+00,-1.012758002977650340e-01,4.154961788069996942e+00,1.943005764421050583e-03,5.066060491987865788e+01,-8.042480468750000042e-04
-1.256637573242187500e-01,0.000000000000000000e+00,-1.000161664692949259e-01,3.267125966884710131e+00,1.913368838769989805e-03,5.085334372800295455e+01,-8.042480468750000042e-04
-1.256637573242187500e-01,0.000000000000000000e+00,-9.511953858026778175e-02,2.273136163777848218e+00,2.156453540784535657e-03,5.494841397163919794e+01,-8.042480468750000042e-04
-1.256637573242187500e-01,0.000000000000000000e+00,-9.683317123587405206e-02,1.399802446839781389e+00,2.330119393014108958e-03,5.633256487021075998e+01,-8.042480468750000042e-04
-1.256637573242187500e-01,0.000000000000000000e+00,-1.001844170249376748e-01,9.521088252618408188e-01,2.202998067109872195e-03,5.377193556695359433e+01,-8.042480468750000042e-04
-1.256637573242187500e-01,0.000000000000000000e+00,-1.046537145672265662e-01,2.908667948942075254e-01,2.199153878636940680e-03,5.256840871397222514e+01,-8.042480468750000042e-04
-1.256637573242187500e-01,0.000000000000000000e+00,-1.091221532605238936e-01,-1.129315873475128518e-02,2.053718390536761300e-03,5.001914412035660007e+01,-8.042480468750000042e-04
-1.256637573242187500e-01,0.000000000000000000e+00,-1.112789570354939528e-01,-7.137758580469127923e-02,1.908225595569450900e-03,4.795867675491311388e+01,-8.042480468750000042e-04
-1.256637573242187500e-01,0.000000000000000000e+00,-1.153971704632375667e-01,-1.922866392068662000e-01,1.764327469846214882e-03,4.580108949513446959e+01,-8.042480468750000042e-04
-1.256637573242187500e-01,0.000000000000000000e+00,-1.178847114954239966e-01,-1.582691593902377791e-01,1.652847642866080938e-03,4.430507041273122582e+01,-8.042480468750000042e-04
-1.256637573242187500e-01,0.000000000000000000e+00,-1.186557390520018851e-01,-1.037998638910476168e-01,1.594150102222408180e-03,4.357342755553941060e+01,-8.042480468750000042e-04
-1.256637573242187500e-01,0.000000000000000000e+00,-1.205790869477739724e-01,-1.829082260554670825e-03,1.520087869212000814e-03,4.262659881999434219e+01,-8.042480468750000042e-04
-1.256637573242187500e-01,0.000000000000000000e+00,-1.212434700188749770e-01,1.116127754262270372e-01,1.479342347875166200e-03,4.213632614115452668e+01,-8.042480468750000042e-04
-1.256637573242187500e-01,0.000000000000000000e+00,-1.212004045965135723e-01,1.682504565586231404e-01,1.463009548331056266e-03,4.195095473272982645e+01,-8.042480468750000042e-04
-1.256637573242187500e-01,0.000000000000000000e+00,-1.213600673380561268e-01,2.939852330656937962e-01,1.438917513996087723e-03,4.167277870212640067e+01,-8.042480468750000042e-04
-1.256637573242187500e-01,0.000000000000000000e+00,-1.209697088831827722e-01,3.761270751901710785e-01,1.429427763032993601e-03,4.158156596516334247e+01,-8.042480468750000042e-04
-1.256637573242187500e-01,0.000000000000000000e+00,-1.206197823192591972e-01,4.023158831583252271e-01,1.427447946292210480e-03,4.157433799010217257e+01,-8.042480468750000042e-04
-1.256637573242187500e-01,0.000000000000000000e+00,-1.199567080354672910e-01,4.706798675030802181e-01,1.424927855120316448e-03,4.158042471161283515e+01,-8.042480468750000042e-04
-1.256637573242187500e-01,0.000000000000000000e+00,-1.193193889431155147e-01,4.956330262949201204e-01,1.427684732107030842e-03,4.164864738411088751e+01,-8.042480468750000042e-04
-1.256637573242187500e-01,0.000000000000000000e+00,-1.190226386976624973e-01,4.945539314805855735e-01,1.430288456418865204e-03,4.169622146198479129e+01,-8.042480468750000042e-04
-1.256637573242187500e-01,0.000000000000000000e+00,-1.183574612993063824e-01,5.016838581792173457e-01,1.436758497662279010e-03,4.181429026967392559e+01,-8.042480468750000042e-04
-1.256637573242187500e-01,0.000000000000000000e+00,-1.179561709541034759e-01,4.883918968831957308e-01,1.443025690349671215e-03,4.191354147573257904e+01,-8.042480468750000042e-04
-1.256637573242187500e-01,0.000000000000000000e+00,-1.178431438575320983e-01,4.759415955300624335e-01,1.445800190836227369e-03,4.195263351219527692e+01,-8.042480468750000042e-04
-1.256637573242187500e-01,0.000000000000000000e+00,-1.175389574220700867e-01,4.527112191870181768e-01,1.452838401158625331e-03,4.205428773686452359e+01,-8.042480468750000042e-04
-1.256637573242187500e-01,0.000000000000000000e+00,-1.174584176191340729e-01,4.300594754373840978e-01,1.456906719095538757e-03,4.210521583164472759e+01,-8.042480468750000042e-04
0.000000000000000000e+00,3.141589355468750000e+01,-8.902484269100864600e-02,3.395919025564252181e+00,2.521737645688184801e-03,9.173188976928582861e+01,-8.042480468750000042e-04
0.000000000000000000e+00,0.000000000000000000e+00,-5.279126567468002407e-02,5.354179503141142327e+00,3.385719797970297620e-03,8.064163545851170056e+01,6.126099243164062624e-01
0.000000000000000000e+00,0.000000000000000000e+00,-2.267148145242245394e-02,5.868467321520657087e+00,3.458776876299358809e-03,6.641861592349304999e+01,0.000000000000000000e+00
0.000000000000000000e+00,0.000000000000000000e+00,-9.210414482544133224e-03,4.973168279783251045e+00,2.903603814249974130e-03,5.969290208421220711e+01,0.000000000000000000e+00
0.000000000000000000e+00,0.000000000000000000e+00,8.958396414404228361e-03,4.562484659702029433e+00,2.072485201427400579e-03,4.913659300882217451e+01,0.000000000000000000e+00
-1.256637573242187500e-01,-3.141589355468750000e+01,-6.441365496191522877e-03,7.435191463779964316e-01,4.068776585410297138e-03,1.425397171405968209e+02,0.000000000000000000e+00
-1.256637573242187500e-01,0.000000000000000000e+00,-5.614815765986452128e-02,-2.854532889464962420e+00,5.755867827229532718e-03,1.228169029852844716e+02,-6.134141723632812182e-01
-1.256637573242187500e-01,0.000000000000000000e+00,-9.985382449938857985e-02,-4.674517175625190646e+00,5.507804697015926572e-03,9.460929180886610368e+01,-8.042480468750000042e-04
-1.256637573242187500e-01,0.000000000000000000e+00,-1.135517118060127284e-01,-3.268597047601166761e+00,4.527763793457939730e-03,9.293272460357479758e+01,-8.042480468750000042e-04
-1.256637573242187500e-01,0.000000000000000000e+00,-1.266368247691883608e-01,-3.300546508475687535e+00,2.831701561975188443e-03,6.075381650017426693e+01,-8.042480468750000042e-04
0.000000000000000000e+00,3.141589355468750000e+01,-1.033845624903952376e-01,6.210092711645018859e-01,4.237898730939677200e-03,1.263205056262358994e+02,-8.042480468750000042e-04
0.000000000000000000e+00,0.000000000000000000e+00,-4.852171850432273476e-02,4.118262593488705825e+00,4.562630074411867104e-03,9.288931747919389181e+01,6.126099243164062624e-01
0.000000000000000000e+00,0.000000000000000000e+00,-1.990430536911332732e-02,4.802947718050733172e+00,4.276052941249237210e-03,7.814145443942825864e+01,0.000000000000000000e+00
0.000000000000000000e+00,0.000000000000000000e+00,-9.513065128223557876e-03,3.671503944119059781e+00,3.740241337599011732e-03,7.736318440306393995e+01,0.000000000000000000e+00
0.000000000000000000e+00,0.000000000000000000e+00,6.611791180539631531e-03,3.681816984616587352e+00,2.240255127162706604e-03,5.193209078371825171e+01,0.000000000000000000e+00
0.000000000000000000e+00,0.000000000000000000e+00,1.522715427233992634e-02,3.005593311605422535e+00,2.027383849870615078e-03,5.011312451893518016e+01,0.000000000000000000e+00
-1.256637573242187500e-01,-3.141589355468750000e+01,-1.760417045655009172e-02,-1.087038764713284422e+00,3.978934331921408704e-03,1.286160479300029920e+02,0.000000000000000000e+00
-1.256637573242187500e-01,0.000000000000000000e+00,-5.773458634364830172e-02,-4.345211371111147969e+00,6.068255347101240808e-03,1.245998105152232114e+02,-6.134141723632812182e-01
-1.256637573242187500e-01,0.000000000000000000e+00,-1.039050160245110765e-01,-5.596395596738283018e+00,5.320747096389561066e-03,9.070025428948247281e+01,-8.042480468750000042e-04
-1.256637573242187500e-01,0.000000000000000000e+00,-1.156353525903138502e-01,-3.674713239268354581e+00,3.898723151819956118e-03,7.938975977894213543e+01,-8.042480468750000042e-04
-1.256637573242187500e-01,0.000000000000000000e+00,-1.312163507543106788e-01,-3.898818862534282559e+00,2.736569352904290753e-03,5.935034165209944490e+01,-8.042480468750000042e-04
-1.256637573242187500e-01,0.000000000000000000e+00,-1.413183257178192986e-01,-2.905020389484944676e+00,2.179769699624979715e-03,5.231093055524598157e+01,-8.042480468750000042e-04
0.000000000000000000e+00,3.141589355468750000e+01,-1.050531027344507456e-01,1.590123557263338316e+00,3.923996262270443985e-03,1.247028194082604102e+02,-8.042480468750000042e-04
0.000000000000000000e+00,0.000000000000000000e+00,-6.295653462901970587e-02,4.672679242684361078e+00,5.773876794063636728e-03,1.170824975331864692e+02,6.126099243164062624e-01
0.000000000000000000e+00,0.000000000000000000e+00,-1.967413698337912992e-02,6.022085644688639938e+00,5.122559333727857468e-03,8.801237226793965363e+01,0.000000000000000000e+00
0.000000000000000000e+00,0.000000000000000000e+00,-8.377706553714470497e-03,4.257132336881857881e+00,3.691182276192435559e-03,7.513852850899185398e+01,0.000000000000000000e+00
0.000000000000000000e+00,0.000000000000000000e+00,7.860664513696843589e-03,4.363851464405041902e+00,2.594130105890885517e-03,5.723099817346638929e+01,0.000000000000000000e+00
-1.256637573242187500e-01,-3.141589355468750000e+01,-1.069170910951903336e-02,3.703380680604571040e-01,4.519963785284951754e-03,1.435148938111640575e+02,0.000000000000000000e+00
-1.256637573242187500e-01,0.000000000000000000e+00,-6.544405262438562909e-02,-3.315842682809174935e+00,5.290958411362432084e-03,1.097896420650187679e+02,-6.134141723632812182e-01
-1.256637573242187500e-01,0.000000000000000000e+00,-1.031110089503032984e-01,-4.511479959949211249e+00,4.999736752526511008e-03,8.839957193891886789e+01,-8.042480468750000042e-04
-1.256637573242187500e-01,0.000000000000000000e+00,-1.148419094974976601e-01,-3.145490457620310210e+00,4.252317180047564781e-03,8.859499261609533960e+01,-8.042480468750000042e-04
-1.256637573242187500e-01,0.000000000000000000e+00,-1.276743397873989494e-01,-3.198261661529247846e+00,2.573149182177637828e-03,5.665873168768647616e+01,-8.042480468750000042e-04
0.000000000000000000e+00,3.141589355468750000e+01,-1.042866023909917728e-01,7.583253666146774208e-01,4.128497940714669426e-03,1.259472049950878159e+02,-8.042480468750000042e-04
0.000000000000000000e+00,0.000000000000000000e+00,-4.945977175030757261e-02,4.200145507732180761e+00,4.573726636219182552e-03,9.343077566045245419e+01,6.126099243164062624e-01
0.000000000000000000e+00,0.000000000000000000e+00,-2.125801270529585618e-02,4.925568431785453782e+00,4.423983280706481752e-03,8.003550787134096822e+01,0.000000000000000000e+00
0.000000000000000000e+00,0.000000000000000000e+00,-9.511889287368771942e-03,3.787038396355156600e+00,3.758865238021473314e-03,7.738687728124111231e+01,0.000000000000000000e+00
0.000000000000000000e+00,0.000000000000000000e+00,6.749415182190237651e-03,3.755084177769183018e+00,2.252095164032781680e-03,5.207178438141801990e+01,0.000000000000000000e+00
0.000000000000000000e+00,0.000000000000000000e+00,1.535385705261001557e-02,3.106196636372052122e+00,2.051164730595898301e-03,5.045207953994093231e+01,0.000000000000000000e+00
-1.256637573242187500e-01,-3.141589355468750000e+01,-1.698636436197050598e-02,-1.030735924383748170e+00,4.002827845137868143e-03,1.296639891651855692e+02,0.000000000000000000e+00
-1.256637573242187500e-01,0.000000000000000000e+00,-5.758282490407606174e-02,-4.332100866668064931e+00,6.110221366421642042e-03,1.252657706547950482e+02,-6.134141723632812182e-01
-1.256637573242187500e-01,0.000000000000000000e+00,-1.039711217729270554e-01,-5.568472728305581043e+00,5.334919955991407163e-03,9.096987566768261502e+01,-8.042480468750000042e-04
-1.256637573242187500e-01,0.000000000000000000e+00,-1.156349899381247937e-01,-3.664269360410572496e+00,3.923699176795936508e-03,7.994742296946212434e+01,-8.042480468750000042e-04
-1.256637573242187500e-01,0.000000000000000000e+00,-1.312305767358236952e-01,-3.894824221813344423e+00,2.743687835502322137e-03,5.948781298071906321e+01,-8.042480468750000042e-04
-1.256637573242187500e-01,0.000000000000000000e+00,-1.412159006442061937e-01,-2.888263735457107462e+00,2.181004179075771415e-03,5.231490900773795261e+01,-8.042480468750000042e-04
-1.256637573242187500e-01,0.000000000000000000e+00,-1.366114106810161766e-01,-1.603287651099905897e+00,1.969575499688918600e-03,4.895561654074015223e+01,-8.042480468750000042e-04
0.000000000000000000e+00,3.141589355468750000e+01,-1.137592233543318621e-01,2.044902726509011615e+00,4.115734218362527945e-03,1.374530477086053963e+02,-8.042480468750000042e-04
0.000000000000000000e+00,0.000000000000000000e+00,-6.211719108616528540e-02,5.672721795661130884e+00,5.950822086937217550e-03,1.180459562992578810e+02,6.126099243164062624e-01
0.000000000000000000e+00,0.000000000000000000e+00,-2.039456442890866597e-02,6.165559662096163684e+00,4.702877420992439966e-03,8.190034307180003736e+01,0.000000000000000000e+00
0.000000000000000000e+00,0.000000000000000000e+00,-6.725395456698522213e-03,4.684212949239842771e+00,3.879078536317528362e-03,7.878677501755619517e+01,0.000000000000000000e+00
0.000000000000000000e+00,0.000000000000000000e+00,1.118109934337205291e-02,4.797302191450723896e+00,2.567933416547762103e-03,5.705678567629870912e+01,0.000000000000000000e+00
-1.256637573242187500e-01,-3.141589355468750000e+01,-8.656427398414552610e-03,5.576702936528334931e-01,4.448942385683343770e-03,1.450237434571209292e+02,0.000000000000000000e+00
-1.256637573242187500e-01,0.000000000000000000e+00,-6.504787165474301691e-02,-3.303952726197749268e+00,5.512008337551410099e-03,1.130743004778870926e+02,-6.134141723632812182e-01
-1.256637573242187500e-01,0.000000000000000000e+00,-1.033543726154441955e-01,-4.622273458168685956e+00,5.248853672675390589e-03,9.182155628216143839e+01,-8.042480468750000042e-04
-1.256637573242187500e-01,0.000000000000000000e+00,-1.145133644428102532e-01,-3.153509239559401323e+00,4.353657013576817982e-03,9.058592503204542368e+01,-8.042480468750000042e-04
-1.256637573242187500e-01,0.000000000000000000e+00,-1.279749089985093291e-01,-3.193447842994169505e+00,2.603381015349621845e-03,5.722444630513936659e+01,-8.042480468750000042e-04
0.000000000000000000e+00,3.141589355468750000e+01,-1.043119269529247661e-01,7.557806421846962053e-01,4.203698302584466667e-03,1.269794534925694052e+02,-8.042480468750000042e-04
0.000000000000000000e+00,0.000000000000000000e+00,-4.888171151414010679e-02,4.198849320144783626e+00,4.561079735038128455e-03,9.295966921981045061e+01,6.126099243164062624e-01
0.000000000000000000e+00,0.000000000000000000e+00,-2.093791006718888695e-02,4.946390331711258526e+00,4.416462595703911018e-03,7.989636469190163837e+01,0.000000000000000000e+00
0.000000000000000000e+00,0.000000000000000000e+00,-9.291707378793317637e-03,3.770532395218594512e+00,3.753087847606606867e-03,7.744731730480006604e+01,0.000000000000000000e+00
0.000000000000000000e+00,0.000000000000000000e+00,6.835010280762734113e-03,3.734629993999916575e+00,2.242354183402206838e-03,5.195195582460051043e+01,0.000000000000000000e+00
0.000000000000000000e+00,0.000000000000000000e+00,1.550629675392143671e-02,3.104533395036424892e+00,2.051235327162374660e-03,5.047630399868240403e+01,0.000000000000000000e+00
0.000000000000000000e+00,0.000000000000000000e+00,1.349990597582351182e-02,2.116980661040678946e+00,1.964115214032484229e-03,4.915932477669114320e+01,0.000000000000000000e+00
0.000000000000000000e+00,0.000000000000000000e+00,2.049785354177172461e-02,1.540581007631268928e+00,1.852627672831907947e-03,4.871306897796890922e+01,0.000000000000000000e+00
0.000000000000000000e+00,0.000000000000000000e+00,2.039055819342798156e-02,8.758997696704550195e-01,1.905092090653981657e-03,4.920523661488435607e+01,0.000000000000000000e+00
-1.256637573242187500e-01,-3.141589355468750000e+01,-1.348413341774039320e-02,-2.679100081497571395e+00,3.853840077224586404e-03,1.320369475375640320e+02,0.000000000000000000e+00
-1.256637573242187500e-01,0.000000000000000000e+00,-6.491509351570018405e-02,-6.011483694928140054e+00,5.810375731582864169e-03,1.146796575885540790e+02,-6.134141723632812182e-01
-1.256637573242187500e-01,0.000000000000000000e+00,-1.077652364006858460e-01,-6.621453184101909528e+00,5.005291216660365250e-03,8.481201011232512599e+01,-8.042480468750000042e-04
-1.256637573242187500e-01,0.000000000000000000e+00,-1.182168471797373083e-01,-4.560071149743338381e+00,3.811555230076831176e-03,7.656001573249378112e+01,-8.042480468750000042e-04
0.000000000000000000e+00,3.141589355468750000e+01,-9.859705018788667008e-02,-1.236302959247979061e+00,4.607634682386702041e-03,1.239979712095892950e+02,-8.042480468750000042e-04
0.000000000000000000e+00,0.000000000000000000e+00,-6.108618369312879270e-02,2.324904588039273357e+00,5.570675156151141255e-03,1.142200499709164774e+02,6.126099243164062624e-01
0.000000000000000000e+00,0.000000000000000000e+00,-1.958766387204430304e-02,3.695151984051920468e+00,3.940944320596151233e-03,7.569714257282468850e+01,0.000000000000000000e+00
0.000000000000000000e+00,0.000000000000000000e+00,-1.252239283790282029e-02,2.666572551965626481e+00,3.842244818623998318e-03,8.066744175954401896e+01,0.000000000000000000e+00
0.000000000000000000e+00,0.000000000000000000e+00,7.475060267278293633e-04,3.201592519039584417e+00,2.651502170321572843e-03,5.826764345565258907e+01,0.000000000000000000e+00
0.000000000000000000e+00,0.000000000000000000e+00,1.088486908742323372e-02,2.478166223190818584e+00,1.954001306158674282e-03,4.857425153474502366e+01,0.000000000000000000e+00
0.000000000000000000e+00,0.000000000000000000e+00,8.107725842516039227e-03,1.713457337758944821e+00,1.959690661234826919e-03,4.834708670082939364e+01,0.000000000000000000e+00
0.000000000000000000e+00,0.000000000000000000e+00,1.517373057576462854e-02,1.513938068769110412e+00,1.809165089061665326e-03,4.720720522961216403e+01,0.000000000000000000e+00
0.000000000000000000e+00,0.000000000000000000e+00,1.648686253963138615e-02,7.793275504687586785e-01,1.734399151655227622e-03,4.644383863889078867e+01,0.000000000000000000e+00
0.000000000000000000e+00,0.000000000000000000e+00,1.174510869639492153e-02,5.231249868865003316e-01,1.637755680477841246e-03,4.459216700519461085e+01,0.000000000000000000e+00
0.000000000000000000e+00,0.000000000000000000e+00,1.346017934092066243e-02,1.385452172129611470e-01,1.679305054838901292e-03,4.524986821926965064e+01,0.000000000000000000e+00
0.000000000000000000e+00,0.000000000000000000e+00,1.037834788513944222e-02,-2.709795678804270413e-01,1.619359113363777686e-03,4.413737518493977063e+01,0.000000000000000000e+00
0.000000000000000000e+00,0.000000000000000000e+00,7.528821260953879810e-03,-2.044063801510051237e-01,1.524029064774378881e-03,4.281417778021644693e+01,0.000000000000000000e+00
0.000000000000000000e+00,0.000000000000000000e+00,6.055849891873791267e-03,-4.613381025017928572e-01,1.529782982210569535e-03,4.275564170959466992e+01,0.000000000000000000e+00
0.000000000000000000e+00,0.000000000000000000e+00,2.726743822208532817e-03,-5.416929904901937043e-01,1.474973173440745789e-03,4.199477487775418894e+01,0.000000000000000000e+00
0.000000000000000000e+00,0.000000000000000000e+00,2.008018539264391691e-03,-3.977181856283635852e-01,1.439107539707020194e-03,4.158246510482439362e+01,0.000000000000000000e+00
0.000000000000000000e+00,0.000000000000000000e+00,-4.215024965184587576e-05,-4.671124136346655464e-01,1.431308341213567660e-03,4.148044607235406289e+01,0.000000000000000000e+00
0.000000000000000000e+00,0.000000000000000000e+00,-1.898372258077564260e-03,-3.766424431086443647e-01,1.413995134647180263e-03,4.131139506661754268e+01,0.000000000000000000e+00
0.000000000000000000e+00,0.000000000000000000e+00,-1.395989759373222547e-03,-2.769127587201992702e-01,1.404996953220715187e-03,4.119854110360917332e+01,0.000000000000000000e+00
0.000000000000000000e+00,0.000000000000000000e+00,-2.674584283236701270e-03,-2.305433671077352364e-01,1.405483521241602737e-03,4.123361400310234615e+01,0.000000000000000000e+00
0.000000000000000000e+00,0.000000000000000000e+00,-2.967004007945777365e-03,-1.121530459630100118e-01,1.404177934003384125e-03,4.122431551605014022e+01,0.000000000000000000e+00
0.000000000000000000e+00,0.000000000000000000e+00,-2.185954317492257680e-03,-8.244254558271167654e-02,1.399437487311337453e-03,4.114829966833866592e+01,0.000000000000000000e+00
0.000000000000000000e+00,0.000000000000000000e+00,-2.473625190987923522e-03,-8.794024206582054526e-03,1.401905752333060164e-03,4.118117890489941857e+01,0.000000000000000000e+00
0.000000000000000000e+00,0.000000000000000000e+00,-1.925438914608783910e-03,6.160134176758781666e-02,1.400628958233443230e-03,4.115244034832180375e+01,0.000000000000000000e+00
0.000000000000000000e+00,0.000000000000000000e+00,-1.419754792714898782e-03,4.547067388282849398e-02,1.397469760081879956e-03,4.110875844020372227e+01,0.000000000000000000e+00
0.000000000000000000e+00,0.000000000000000000e+00,-1.123098884153783715e-03,9.343329206409328735e-02,1.397867067873130847e-03,4.110869283701511989e+01,0.000000000000000000e+00
0.000000000000000000e+00,0.000000000000000000e+00,-4.837388260954488786e-04,1.067361697300270168e-01,1.396262088716173190e-03,4.108585032513211388e+01,0.000000000000000000e+00
0.000000000000000000e+00,0.000000000000000000e+00,-3.568555170490985752e-04,7.873425977723579050e-02,1.395092019807525749e-03,4.107250384188303372e+01,0.000000000000000000e+00
0.000000000000000000e+00,0.000000000000000000e+00,4.623549493369336072e-05,9.084130501544233904e-02,1.394862990529639399e-03,4.106961101839917916e+01,0.000000000000000000e+00
0.000000000000000000e+00,0.000000000000000000e+00,4.001490297954846359e-04,7.217804654518424068e-02,1.394348984855115978e-03,4.106498819801808509e+01,0.000000000000000000e+00
0.000000000000000000e+00,0.000000000000000000e+00,2.951971718475570445e-04,5.324404541716261374e-02,1.394051162238680057e-03,4.106115241778170599e+01,0.000000000000000000e+00
0.000000000000000000e+00,0.000000000000000000e+00,5.397274656177627073e-04,4.332325718978276285e-02,1.394096223584012249e-03,4.106282366044462151e+01,0.000000000000000000e+00
0.000000000000000000e+00,0.000000000000000000e+00,5.868994398167638391e-04,2.005168789512587479e-02,1.394079149514241807e-03,4.106279881147023048e+01,0.000000000000000000e+00
0.000000000000000000e+00,0.000000000000000000e+00,4.329799826898292521e-04,1.479102344891871333e-02,1.393904381594503238e-03,4.105996163561634660e+01,0.000000000000000000e+00
0.000000000000000000e+00,0.000000000000000000e+00,4.825555305791286642e-04,1.901769458159431603e-04,1.394001921380806685e-03,4.106122371795409975e+01,0.000000000000000000e+00
0.000000000000000000e+00,0.000000000000000000e+00,3.699441378610168535e-04,-1.324176415047109701e-02,1.393955388300420787e-03,4.106014130098726156e+01,0.000000000000000000e+00
0.000000000000000000e+00,0.000000000000000000e+00,2.729282628436321403e-04,-9.769899776282738035e-03,1.393837052593434583e-03,4.105851560553053758e+01,0.000000000000000000e+00
0.000000000000000000e+00,0.000000000000000000e+00,2.109539051998555266e-04,-1.898725733917407468e-02,1.393850507723503294e-03,4.105849054682512644e+01,0.000000000000000000e+00
0.000000000000000000e+00,0.000000000000000000e+00,8.513973946984538187e-05,-2.121029987913561690e-02,1.393790042821052696e-03,4.105764168579938200e+01,0.000000000000000000e+00
0.000000000000000000e+00,0.000000000000000000e+00,6.281118212450257775e-05,-1.564841860142280119e-02,1.393747071123208753e-03,4.105715526577419894e+01,0.000000000000000000e+00
0.000000000000000000e+00,0.000000000000000000e+00,-1.687652662110812631e-05,-1.777908525508786752e-02,1.393738365202842194e-03,4.105705193574704737e+01,0.000000000000000000e+00
0.000000000000000000e+00,0.000000000000000000e+00,-8.431610755076706320e-05,-1.390895259431084580e-02,1.393720038707523716e-03,4.105689390184775789e+01,0.000000000000000000e+00
0.000000000000000000e+00,0.000000000000000000e+00,-6.220777425195253172e-05,-1.026156655341819643e-02,1.393708972529067057e-03,4.105674830577826384e+01,0.000000000000000000e+00
0.000000000000000000e+00,0.000000000000000000e+00,-1.090575821325793604e-04,-8.169470189408355176e-03,1.393711180460735066e-03,4.105681838798730610e+01,0.000000000000000000e+00
0.000000000000000000e+00,0.000000000000000000e+00,-1.162487452967277102e-04,-3.579089263835321787e-03,1.393710774853712487e-03,4.105681777950363198e+01,0.000000000000000000e+00
0.000000000000000000e+00,0.000000000000000000e+00,-8.576565316780067859e-05,-2.640450170163612716e-03,1.393703931388922193e-03,4.105670688597212603e+01,0.000000000000000000e+00
0.000000000000000000e+00,0.000000000000000000e+00,-9.417351079075522735e-05,2.519952495679070054e-04,1.393707680800007837e-03,4.105675408901254286e+01,0.000000000000000000e+00
0.000000000000000000e+00,0.000000000000000000e+00,-7.103887378241004029e-05,2.817934943388263579e-03,1.393705735683608508e-03,4.105671022135270931e+01,0.000000000000000000e+00
0.000000000000000000e+00,0.000000000000000000e+00,-5.241028680557139295e-05,2.079066722765629538e-03,1.393701188712659442e-03,4.105664834290345055e+01,0.000000000000000000e+00
0.000000000000000000e+00,0.000000000000000000e+00,-3.951898278400670594e-05,3.849186150999716304e-03,1.393701616860981794e-03,4.105664630335734699e+01,0.000000000000000000e+00
0.000000000000000000e+00,0.000000000000000000e+00,-1.477636375233144686e-05,4.209725677698982101e-03,1.393699279276378261e-03,4.105661406120620427e+01,0.000000000000000000e+00
0.000000000000000000e+00,0.000000000000000000e+00,-1.090110010654188920e-05,3.105846397514677205e-03,1.393697674462317541e-03,4.105659600265621378e+01,0.000000000000000000e+00
0.000000000000000000e+00,0.000000000000000000e+00,4.833195171780334297e-06,3.475891770991296464e-03,1.393697341287139339e-03,4.105659230357808553e+01,0.000000000000000000e+00
0.000000000000000000e+00,0.000000000000000000e+00,1.765773241331842350e-05,2.676686662862516781e-03,1.393696677127596439e-03,4.105658678666134165e+01,0.000000000000000000e+00
0.000000000000000000e+00,0.000000000000000000e+00,1.302775904822925170e-05,1.974779476566898648e-03,1.393696258116023821e-03,4.105658115729924873e+01,0.000000000000000000e+00
0.000000000000000000e+00,0.000000000000000000e+00,2.198851159123428747e-05,1.536518106294847445e-03,1.393696360109707502e-03,4.105658405329044314e+01,0.000000000000000000e+00
0.000000000000000000e+00,0.000000000000000000e+00,2.299413568138794611e-05,6.321601807243330600e-04,1.393696349467419236e-03,4.105658398375021534e+01,0.000000000000000000e+00
0.000000000000000000e+00,0.000000000000000000e+00,1.696456733517371878e-05,4.663726350866411537e-04,1.393696079776136259e-03,4.105657963163118040e+01,0.000000000000000000e+00
0.000000000000000000e+00,0.000000000000000000e+00,1.835466792311054161e-05,-1.057967053749638031e-04,1.393696223144224059e-03,4.105658138678489877e+01,0.000000000000000000e+00
0.000000000000000000e+00,0.000000000000000000e+00,1.361804231835210596e-05,-5.950597144172898624e-04,1.393696141428761104e-03,4.105657960554153618e+01,0.000000000000000000e+00
0.000000000000000000e+00,0.000000000000000000e+00,1.004697139726705256e-05,-4.390325159114731091e-04,1.393695966535464211e-03,4.105657724847069545e+01,0.000000000000000000e+00
0.000000000000000000e+00,0.000000000000000000e+00,7.378094710842749720e-06,-7.783897652455667743e-04,1.393695979553583779e-03,4.105657713010256771e+01,0.000000000000000000e+00
0.000000000000000000e+00,0.000000000000000000e+00,2.518717855089275359e-06,-8.342683932142800273e-04,1.393695889225346268e-03,4.105657590643986765e+01,0.000000000000000000e+00
0.000000000000000000e+00,0.000000000000000000e+00,1.858141940438424608e-06,-6.155053431801583595e-04,1.393695829257172178e-03,4.105657523501616168e+01,0.000000000000000000e+00
0.000000000000000000e+00,0.000000000000000000e+00,-1.244223378798680050e-06,-6.786413368095605032e-04,1.393695816605877887e-03,4.105657510447089464e+01,0.000000000000000000e+00
0.000000000000000000e+00,0.000000000000000000e+00,-3.677507643794919066e-06,-5.142588960434270329e-04,1.393695792597440287e-03,4.105657491280966553e+01,0.000000000000000000e+00
0.000000000000000000e+00,0.000000000000000000e+00,-2.713235992506673332e-06,-3.794046810404429139e-04,1.393695776662129708e-03,4.105657469423739059e+01,0.000000000000000000e+00
0.000000000000000000e+00,0.000000000000000000e+00,-4.423827313080608078e-06,-2.881075301289881367e-04,1.393695781231640493e-03,4.105657481290263888e+01,0.000000000000000000e+00
0.000000000000000000e+00,0.000000000000000000e+00,-4.541719923640272654e-06,-1.101835301574625661e-04,1.393695780954964242e-03,4.105657480773823664e+01,0.000000000000000000e+00
0.000000000000000000e+00,0.000000000000000000e+00,-3.350779431742720197e-06,-8.128684099346258061e-05,1.393695770325486475e-03,4.105657463701299292e+01,0.000000000000000000e+00
0.000000000000000000e+00,0.000000000000000000e+00,-3.572472458724529043e-06,3.173353024035634499e-05,1.393695775785577622e-03,4.105657470199198400e+01,0.000000000000000000e+00
0.000000000000000000e+00,0.000000000000000000e+00,-2.605809002294513294e-06,1.248298020473549567e-04,1.393695772372570765e-03,4.105657462990343021e+01,0.000000000000000000e+00
0.000000000000000000e+00,0.000000000000000000e+00,-1.922484154821949047e-06,9.209867748478974274e-05,1.393695765653772721e-03,4.105657454018579244e+01,0.000000000000000000e+00
0.000000000000000000e+00,0.000000000000000000e+00,-1.372296224393928170e-06,1.570402100931226957e-04,1.393695766023776662e-03,4.105657453429093096e+01,0.000000000000000000e+00
0.000000000000000000e+00,0.000000000000000000e+00,-4.192214523157172812e-07,1.650871723877105654e-04,1.393695762542114872e-03,4.105657448796653597e+01,0.000000000000000000e+00
0.000000000000000000e+00,0.000000000000000000e+00,-3.092703348147932420e-07,1.217977110400213627e-04,1.393695760302688779e-03,4.105657446294890889e+01,0.000000000000000000e+00
0.000000000000000000e+00,0.000000000000000000e+00,3.015787525698787944e-07,1.323196301875681361e-04,1.393695759827111302e-03,4.105657445837010044e+01,0.000000000000000000e+00
0.000000000000000000e+00,0.000000000000000000e+00,7.621579639972281538e-07,9.863147629614001837e-05,1.393695758962879006e-03,4.105657445176792919e+01,0.000000000000000000e+00
0.000000000000000000e+00,0.000000000000000000e+00,5.623131158732176285e-07,7.276727569070296289e-05,1.393695758354611229e-03,4.105657444331156825e+01,0.000000000000000000e+00
0.000000000000000000e+00,0.000000000000000000e+00,8.882006748305373336e-07,5.384201274483521360e-05,1.393695758554633736e-03,4.105657444807625467e+01,0.000000000000000000e+00
0.000000000000000000e+00,0.000000000000000000e+00,8.957929873400107104e-07,1.888498418196079935e-05,1.393695758547206951e-03,4.105657444774146825e+01,0.000000000000000000e+00
0.000000000000000000e+00,0.000000000000000000e+00,6.608956873911365418e-07,1.393211453537162965e-05,1.393695758128743727e-03,4.105657444112478771e+01,0.000000000000000000e+00
0.000000000000000000e+00,0.000000000000000000e+00,6.943653627409350831e-07,-8.361085153547231685e-06,1.393695758335442752e-03,4.105657444344591056e+01,0.000000000000000000e+00
0.000000000000000000e+00,0.000000000000000000e+00,4.976710657537383901e-07,-2.603616700015507775e-05,1.393695758193631493e-03,4.105657444065198547e+01,0.000000000000000000e+00
0.000000000000000000e+00,0.000000000000000000e+00,3.671658298938929627e-07,-1.920928793098062792e-05,1.393695757936365930e-03,4.105657443720420474e+01,0.000000000000000000e+00
0.000000000000000000e+00,0.000000000000000000e+00,2.541793711349507830e-07,-3.161328507091501120e-05,1.393695757945229282e-03,4.105657443686088470e+01,0.000000000000000000e+00
0.000000000000000000e+00,0.000000000000000000e+00,6.750409321596424511e-08,-3.262046185996369510e-05,1.393695757811901255e-03,4.105657443517389993e+01,0.000000000000000000e+00
0.000000000000000000e+00,0.000000000000000000e+00,4.979873373249215499e-08,-2.406665125691146304e-05,1.393695757728245733e-03,4.105657443419416097e+01,0.000000000000000000e+00
0.000000000000000000e+00,0.000000000000000000e+00,-7.031074108826134950e-08,-2.576400472809873391e-05,1.393695757710109850e-03,4.105657443413748098e+01,0.000000000000000000e+00
0.000000000000000000e+00,0.000000000000000000e+00,-1.572676135399682058e-07,-1.888283988235198656e-05,1.393695757679625337e-03,4.105657443387202221e+01,0.000000000000000000e+00
0.000000000000000000e+00,0.000000000000000000e+00,-1.160304112442638369e-07,-1.393116985742957524e-05,1.393695757655973033e-03,4.105657443353106828e+01,0.000000000000000000e+00
0.000000000000000000e+00,0.000000000000000000e+00,-1.779830678704532407e-07,-1.002528191392400823e-05,1.393695757665102449e-03,4.105657443373240056e+01,0.000000000000000000e+00
0.000000000000000000e+00,0.000000000000000000e+00,-1.764364423667508875e-07,-3.166537761253744133e-06,1.393695757664726231e-03,4.105657443370549942e+01,0.000000000000000000e+00
0.000000000000000000e+00,0.000000000000000000e+00,-1.301707243310374556e-07,-2.336043218987998737e-06,1.393695757648130999e-03,4.105657443350940383e+01,0.000000000000000000e+00
0.000000000000000000e+00,0.000000000000000000e+00,-1.347706807002523682e-07,2.055134492680397210e-06,1.393695757656116365e-03,4.105657443353585734e+01,0.000000000000000000e+00
0.000000000000000000e+00,0.000000000000000000e+00,-9.485764312041173231e-08,5.403009601925077902e-06,1.393695757650212233e-03,4.105657443346945001e+01,0.000000000000000000e+00
0.000000000000000000e+00,0.000000000000000000e+00,-6.998288686729536049e-08,3.986292528365370475e-06,1.393695757640619646e-03,4.105657443329886291e+01,0.000000000000000000e+00
0.000000000000000000e+00,0.000000000000000000e+00,-4.686078268593678518e-08,6.350757947110481322e-06,1.393695757640537897e-03,4.105657443321985767e+01,0.000000000000000000e+00
0.000000000000000000e+00,0.000000000000000000e+00,-1.034666258975611581e-08,6.436472672793669966e-06,1.393695757635632099e-03,4.105657443320892241e+01,0.000000000000000000e+00
0.000000000000000000e+00,0.000000000000000000e+00,-7.632701407137033801e-09,4.748683820635509467e-06,1.393695757632407899e-03,4.105657443312944821e+01,0.000000000000000000e+00
0.000000000000000000e+00,0.000000000000000000e+00,1.595188969165458051e-08,5.009579631155941923e-06,1.393695757631245851e-03,4.105657443311169885e+01,0.000000000000000000e+00
0.000000000000000000e+00,0.000000000000000000e+00,3.232413516378110499e-08,3.608292034726055406e-06,1.393695757630555214e-03,4.105657443311454102e+01,0.000000000000000000e+00
0.000000000000000000e+00,0.000000000000000000e+00,2.384837701115210918e-08,2.662083273475625610e-06,1.393695757629323127e-03,4.105657443308795962e+01,0.000000000000000000e+00
0.000000000000000000e+00,0.000000000000000000e+00,3.559915899026032654e-08,1.859143702410947609e-06,1.393695757629509827e-03,4.105657443314858313e+01,0.000000000000000000e+00
0.000000000000000000e+00,0.000000000000000000e+00,3.470321985477910669e-08,5.152416325204445622e-07,1.393695757629687853e-03,4.105657443310532528e+01,0.000000000000000000e+00
0.000000000000000000e+00,0.000000000000000000e+00,2.560321912271237757e-08,3.801029489816321692e-07,1.393695757628900288e-03,4.105657443314990473e+01,0.000000000000000000e+00
0.000000000000000000e+00,0.000000000000000000e+00,2.612044585320820576e-08,-4.836512187241483628e-07,1.393695757629351316e-03,4.105657443314753863e+01,0.000000000000000000e+00
0.000000000000000000e+00,0.000000000000000000e+00,1.804200720050438099e-08,-1.116188747500902197e-06,1.393695757629003504e-03,4.105657443309398502e+01,0.000000000000000000e+00
0.000000000000000000e+00,0.000000000000000000e+00,1.331079561649617699e-08,-8.235128095371387626e-07,1.393695757628827647e-03,4.105657443313941712e+01,0.000000000000000000e+00
0.000000000000000000e+00,0.000000000000000000e+00,8.594042954551505423e-09,-1.273281486476807678e-06,1.393695757628872316e-03,4.105657443319425681e+01,0.000000000000000000e+00
0.000000000000000000e+00,0.000000000000000000e+00,1.461436445876637385e-09,-1.268226027612077081e-06,1.393695757628403507e-03,4.105657443312999533e+01,0.000000000000000000e+00
0.000000000000000000e+00,0.000000000000000000e+00,1.078052369562225440e-09,-9.356679532530450573e-07,1.393695757628558764e-03,4.105657443318072097e+01,0.000000000000000000e+00
0.000000000000000000e+00,0.000000000000000000e+00,-3.546726030662615625e-09,-9.727023725638278485e-07,1.393695757628877954e-03,4.105657443314115085e+01,0.000000000000000000e+00
0.000000000000000000e+00,0.000000000000000000e+00,-6.620137065820924963e-09,-6.881424474528429270e-07,1.393695757628443839e-03,4.105657443318056465e+01,0.000000000000000000e+00
0.000000000000000000e+00,0.000000000000000000e+00,-4.884255017927720650e-09,-5.076892510261410230e-07,1.393695757628764980e-03,4.105657443313533150e+01,0.000000000000000000e+00
0.000000000000000000e+00,0.000000000000000000e+00,-7.107688817976300569e-09,-3.432173915956181476e-07,1.393695757628643766e-03,4.105657443314068189e+01,0.000000000000000000e+00
0.000000000000000000e+00,0.000000000000000000e+00,-6.816444307383836643e-09,-8.024825182751881917e-08,1.393695757628781893e-03,4.105657443313193511e+01,0.000000000000000000e+00
0.000000000000000000e+00,0.000000000000000000e+00,-5.029009618374263515e-09,-5.919934968876811833e-08,1.393695757628606252e-03,4.105657443313189958e+01,0.000000000000000000e+00
0.000000000000000000e+00,0.000000000000000000e+00,-5.055115968678723574e-09,1.104709029049975416e-07,1.393695757628562668e-03,4.105657443317951305e+01,0.000000000000000000e+00
0.000000000000000000e+00,0.000000000000000000e+00,-3.423936604092341476e-09,2.296589065608569981e-07,1.393695757628581533e-03,4.105657443312524180e+01,0.000000000000000000e+00
0.000000000000000000e+00,0.000000000000000000e+00,-2.526064847549664127e-09,1.694397781197874814e-07,1.393695757628532744e-03,4.105657443312601629e+01,0.000000000000000000e+00
0.000000000000000000e+00,0.000000000000000000e+00,-1.566700298545300602e-09,2.548041145528739951e-07,1.393695757628761727e-03,4.105657443313395305e+01,0.000000000000000000e+00
0.000000000000000000e+00,0.000000000000000000e+00,-1.753173202526433956e-10,2.495423850459170397e-07,1.393695757628472896e-03,4.105657443313399568e+01,0.000000000000000000e+00
0.000000000000000000e+00,0.000000000000000000e+00,-1.293135119744260848e-10,1.841065273375684113e-07,1.393695757628448393e-03,4.105657443313751997e+01,0.000000000000000000e+00
0.000000000000000000e+00,0.000000000000000000e+00,7.763505550851975385e-10,1.885990727150695055e-07,1.393695757628566571e-03,4.105657443313211985e+01,0.000000000000000000e+00
0.000000000000000000e+00,0.000000000000000000e+00,1.351430512132642797e-09,1.309638604001433165e-07,1.393695757628457066e-03,4.105657443318305155e+01,0.000000000000000000e+00
0.000000000000000000e+00,0.000000000000000000e+00,9.970674823489639079e-10,9.662082334219323269e-08,1.393695757628485689e-03,4.105657443318953170e+01,0.000000000000000000e+00
0.000000000000000000e+00,0.000000000000000000e+00,1.416689786729318853e-09,6.304077917845469551e-08,1.393695757628532527e-03,4.105657443313364752e+01,0.000000000000000000e+00
0.000000000000000000e+00,0.000000000000000000e+00,1.337078109205768013e-09,1.165348796559130673e-08,1.393695757628751536e-03,4.105657443313861421e+01,0.000000000000000000e+00
0.000000000000000000e+00,0.000000000000000000e+00,9.864637470243288776e-10,8.596509562953601227e-09,1.393695757628829381e-03,4.105657443307722332e+01,0.000000000000000000e+00
0.000000000000000000e+00,0.000000000000000000e+00,9.768603301981708618e-10,-2.468721122278645927e-08,1.393695757628538815e-03,4.105657443317610245e+01,0.000000000000000000e+00
0.000000000000000000e+00,0.000000000000000000e+00,6.482355494064545405e-10,-4.708036552440224274e-08,1.393695757628566788e-03,4.105657443317982569e+01,0.000000000000000000e+00
0.000000000000000000e+00,0.000000000000000000e+00,4.782458568899280152e-10,-3.473532191594421871e-08,1.393695757628278607e-03,4.105657443318047228e+01,0.000000000000000000e+00
0.000000000000000000e+00,0.000000000000000000e+00,2.836456090420229361e-10,-5.089873490955426155e-08,1.393695757628764763e-03,4.105657443313421595e+01,0.000000000000000000e+00
0.000000000000000000e+00,0.000000000000000000e+00,1.259394014410508448e-11,-4.903398357403987179e-08,1.393695757628774954e-03,4.105657443314293431e+01,0.000000000000000000e+00
0.000000000000000000e+00,0.000000000000000000e+00,9.285367152231090709e-12,-3.617610583150240911e-08,1.393695757628728117e-03,4.105657443314235877e+01,0.000000000000000000e+00
0.000000000000000000e+00,0.000000000000000000e+00,-1.678305236240435382e-10,-3.651473646686408115e-08,1.393695757628566137e-03,4.105657443313143062e+01,0.000000000000000000e+00
0.000000000000000000e+00,0.000000000000000000e+00,-2.750560819138706764e-10,-2.486959814845401645e-08,1.393695757628607770e-03,4.105657443318926880e+01,0.000000000000000000e+00
0.000000000000000000e+00,0.000000000000000000e+00,-2.029325010591541220e-10,-1.834795461668438053e-08,1.393695757628630105e-03,4.105657443313000243e+01,0.000000000000000000e+00
0.000000000000000000e+00,0.000000000000000000e+00,-2.819066139810268379e-10,-1.151250936433171163e-08,1.393695757628509108e-03,4.105657443313261723e+01,0.000000000000000000e+00
0.000000000000000000e+00,0.000000000000000000e+00,-2.619201702824260277e-10,-1.484413240614924211e-09,1.393695757628823960e-03,4.105657443314154165e+01,0.000000000000000000e+00
0.000000000000000000e+00,0.000000000000000000e+00,-1.932382390629794584e-10,-1.094938393062567157e-09,1.393695757628540767e-03,4.105657443313206301e+01,0.000000000000000000e+00
0.000000000000000000e+00,0.000000000000000000e+00,-1.884810757562736419e-10,5.425416446248858523e-09,1.393695757628521034e-03,4.105657443313192090e+01,0.000000000000000000e+00
0.000000000000000000e+00,0.000000000000000000e+00,-1.224150852596940532e-10,9.619397209218169434e-09,1.393695757628640080e-03,4.105657443312949084e+01,0.000000000000000000e+00
0.000000000000000000e+00,0.000000000000000000e+00,-9.031354178508729583e-11,7.097065781136554844e-09,1.393695757628514746e-03,4.105657443313423016e+01,0.000000000000000000e+00
0.000000000000000000e+00,0.000000000000000000e+00,-5.094007464646521502e-11,1.014979422419477365e-08,1.393695757628527756e-03,4.105657443318160205e+01,0.000000000000000000e+00
0.000000000000000000e+00,0.000000000000000000e+00,1.790048730249959547e-12,9.621877338543642662e-09,1.393695757628526238e-03,4.105657443313073429e+01,0.000000000000000000e+00
0.000000000000000000e+00,0.000000000000000000e+00,1.321853877388040421e-12,7.098788375047129802e-09,1.393695757628470077e-03,4.105657443318902011e+01,0.000000000000000000e+00
0.000000000000000000e+00,0.000000000000000000e+00,3.591269053631371439e-11,7.059141390033839416e-09,1.393695757628762594e-03,4.105657443313555888e+01,0.000000000000000000e+00
0.000000000000000000e+00,0.000000000000000000e+00,5.582738626720316392e-11,4.711622423451999579e-09,1.393695757628509325e-03,4.105657443313434385e+01,0.000000000000000000e+00
0.000000000000000000e+00,0.000000000000000000e+00,4.118861688731822430e-11,3.476073642338766797e-09,1.393695757628784712e-03,4.105657443308555088e+01,0.000000000000000000e+00
0.000000000000000000e+00,0.000000000000000000e+00,5.600710733190273710e-11,2.088530003615272715e-09,1.393695757628626635e-03,4.105657443313248933e+01,0.000000000000000000e+00
0.000000000000000000e+00,0.000000000000000000e+00,5.123836997332174979e-11,1.342377389168529035e-10,1.393695757628480702e-03,4.105657443318747113e+01,0.000000000000000000e+00
0.000000000000000000e+00,0.000000000000000000e+00,3.780238562327546851e-11,9.899316107791384271e-11,1.393695757628274920e-03,4.105657443313180721e+01,0.000000000000000000e+00
0.000000000000000000e+00,0.000000000000000000e+00,3.630927127242138921e-11,-1.176636999234714891e-09,1.393695757628529925e-03,4.105657443313705812e+01,0.000000000000000000e+00
0.000000000000000000e+00,0.000000000000000000e+00,2.305418325295069873e-11,-1.959416205338517660e-09,1.393695757628773653e-03,4.105657443313219090e+01,0.000000000000000000e+00
0.000000000000000000e+00,0.000000000000000000e+00,1.700854660897263401e-11,-1.445630093457329261e-09,1.393695757628393532e-03,4.105657443318828825e+01,0.000000000000000000e+00
0.000000000000000000e+00,0.000000000000000000e+00,9.060964081891933685e-12,-2.020619802715387799e-09,1.393695757628522769e-03,4.105657443319241651e+01,0.000000000000000000e+00
0.000000000000000000e+00,0.000000000000000000e+00,-1.182795814390379295e-12,-1.885537591212283958e-09,1.393695757628578497e-03,4.105657443313902633e+01,0.000000000000000000e+00
0.000000000000000000e+00,0.000000000000000000e+00,-8.728721532448947674e-13,-1.391103311101817547e-09,1.393695757628791868e-03,4.105657443308573562e+01,0.000000000000000000e+00
0.000000000000000000e+00,0.000000000000000000e+00,-7.619319366605416456e-12,-1.362619078941420814e-09,1.393695757628835670e-03,4.105657443309105759e+01,0.000000000000000000e+00
0.000000000000000000e+00,0.000000000000000000e+00,-1.130201904913419049e-11,-8.904059044792816223e-10,1.393695757628540767e-03,4.105657443317732458e+01,0.000000000000000000e+00
0.000000000000000000e+00,0.000000000000000000e+00,-8.338453966302742483e-12,-6.569103295817152171e-10,1.393695757628292268e-03,4.105657443312875898e+01,0.000000000000000000e+00
0.000000000000000000e+00,0.000000000000000000e+00,-1.110986364138798168e-11,-3.759755249210662370e-10,1.393695757628350381e-03,4.105657443312483679e+01,0.000000000000000000e+00
0.000000000000000000e+00,0.000000000000000000e+00,-1.001002576772539150e-11,4.357108973698839256e-12,1.393695757628790350e-03,4.105657443313988608e+01,0.000000000000000000e+00
0.000000000000000000e+00,0.000000000000000000e+00,-7.385142398563009910e-12,3.223208714251259314e-12,1.393695757628384858e-03,4.105657443318036570e+01,0.000000000000000000e+00
0.000000000000000000e+00,0.000000000000000000e+00,-6.983282175709767162e-12,2.524483910169480000e-10,1.393695757628437551e-03,4.105657443313909738e+01,0.000000000000000000e+00
0.000000000000000000e+00,0.000000000000000000e+00,-4.328942849430824573e-12,3.979956303529486549e-10,1.393695757628593893e-03,4.105657443318096966e+01,0.000000000000000000e+00
0.000000000000000000e+00,0.000000000000000000e+00,-3.193734467001868400e-12,2.936353493796415250e-10,1.393695757628736574e-03,4.105657443313018717e+01,0.000000000000000000e+00
0.000000000000000000e+00,0.000000000000000000e+00,-1.202271790592286187e-12,4.396514336321115929e-10,1.393695757628502603e-03,4.105657443318567346e+01,0.000000000000000000e+00
0.000000000000000000e+00,0.000000000000000000e+00,3.941394323844569042e-13,3.689985613730932061e-10,1.393695757628774087e-03,4.105657443314245825e+01,0.000000000000000000e+00
0.000000000000000000e+00,0.000000000000000000e+00,2.908321414171340923e-13,2.722379326849910603e-10,1.393695757628571992e-03,4.105657443312822608e+01,0.000000000000000000e+00
0.000000000000000000e+00,0.000000000000000000e+00,1.992409853353723321e-12,2.660638796099885036e-10,1.393695757628814636e-03,4.105657443313648258e+01,0.000000000000000000e+00
0.000000000000000000e+00,0.000000000000000000e+00,2.282550443238466598e-12,1.678194954830578335e-10,1.393695757628571124e-03,4.105657443318305866e+01,0.000000000000000000e+00
0.000000000000000000e+00,0.000000000000000000e+00,1.684028736037529857e-12,1.238112218599100917e-10,1.393695757628449260e-03,4.105657443313015165e+01,0.000000000000000000e+00
0.000000000000000000e+00,0.000000000000000000e+00,2.388808608267521383e-12,5.345641280047168603e-11,1.393695757628580448e-03,4.105657443313197774e+01,0.000000000000000000e+00
0.000000000000000000e+00,0.000000000000000000e+00,1.952928573486438229e-12,-6.847587738878071403e-12,1.393695757628814853e-03,4.105657443314097321e+01,0.000000000000000000e+00
0.000000000000000000e+00,0.000000000000000000e+00,1.440820278415531007e-12,-5.053671037878116462e-12,1.393695757628456416e-03,4.105657443318783351e+01,0.000000000000000000e+00
0.000000000000000000e+00,0.000000000000000000e+00,1.344850196631689026e-12,-6.789181295852073475e-11,1.393695757628489592e-03,4.105657443318164468e+01,0.000000000000000000e+00
0.000000000000000000e+00,0.000000000000000000e+00,8.102517479592600110e-13,-8.062883534608901102e-11,1.393695757628638345e-03,4.105657443313661759e+01,0.000000000000000000e+00
0.000000000000000000e+00,0.000000000000000000e+00,5.977731072216802023e-13,-5.948671671220952280e-11,1.393695757628797939e-03,4.105657443308994914e+01,0.000000000000000000e+00
0.000000000000000000e+00,0.000000000000000000e+00,1.138912563575969173e-13,-9.461635172300517500e-11,1.393695757628713155e-03,4.105657443314459698e+01,0.000000000000000000e+00
0.000000000000000000e+00,0.000000000000000000e+00,-1.738425809620777048e-13,-7.750673138574043302e-11,1.393695757628561366e-03,4.105657443318947486e+01,0.000000000000000000e+00
0.000000000000000000e+00,0.000000000000000000e+00,-8.033411867801986460e-14,-5.320491643148151404e-11,1.393695757628356669e-03,4.105657443313101851e+01,0.000000000000000000e+00
0.000000000000000000e+00,0.000000000000000000e+00,-4.917831164704314278e-13,-5.153125267782291752e-11,1.393695757628688435e-03,4.105657443313308619e+01,0.000000000000000000e+00
0.000000000000000000e+00,0.000000000000000000e+00,-5.190454690142923888e-13,-3.164921651072497696e-11,1.393695757628814636e-03,4.105657443308107446e+01,0.000000000000000000e+00
0.000000000000000000e+00,0.000000000000000000e+00,-3.562899446524713728e-13,-2.389982353620840419e-11,1.393695757628440586e-03,4.105657443318594346e+01,0.000000000000000000e+00
0.000000000000000000e+00,0.000000000000000000e+00,-5.087227976082064288e-13,-6.166066882589939510e-12,1.393695757628556379e-03,4.105657443313030797e+01,0.000000000000000000e+00
0.000000000000000000e+00,0.000000000000000000e+00,-3.970543684430173481e-13,6.660160880743997373e-12,1.393695757628304411e-03,4.105657443318711586e+01,0.000000000000000000e+00
0.000000000000000000e+00,0.000000000000000000e+00,-2.917046343214474855e-13,2.209857816187433428e-12,1.393695757628791434e-03,4.105657443313855737e+01,0.000000000000000000e+00
0.000000000000000000e+00,0.000000000000000000e+00,-2.565468710169264979e-13,1.705185662395835027e-11,1.393695757628508674e-03,4.105657443313766208e+01,0.000000000000000000e+00
0.000000000000000000e+00,0.000000000000000000e+00,-1.153156256150548612e-13,2.102706582313103307e-11,1.393695757628703614e-03,4.105657443307471510e+01,0.000000000000000000e+00
0.000000000000000000e+00,0.000000000000000000e+00,-1.142341589783277050e-13,1.263335574597172349e-11,1.393695757628580448e-03,4.105657443312639998e+01,0.000000000000000000e+00
0.000000000000000000e+00,0.000000000000000000e+00,3.301990738885387369e-15,2.016556069863817592e-11,1.393695757628517565e-03,4.105657443319109490e+01,0.000000000000000000e+00
0.000000000000000000e+00,0.000000000000000000e+00,3.172490386422714601e-14,1.236410955202275271e-11,1.393695757628229384e-03,4.105657443317417687e+01,0.000000000000000000e+00
0.000000000000000000e+00,0.000000000000000000e+00,2.259184744657428804e-14,1.079641806081382367e-11,1.393695757628503687e-03,4.105657443313911870e+01,0.000000000000000000e+00
0.000000000000000000e+00,0.000000000000000000e+00,1.243767664946858235e-13,1.026102397240357144e-11,1.393695757628784495e-03,4.105657443309131338e+01,0.000000000000000000e+00
0.000000000000000000e+00,0.000000000000000000e+00,8.453647428241616978e-14,4.890882415950612638e-12,1.393695757628647452e-03,4.105657443312318833e+01,0.000000000000000000e+00
0.000000000000000000e+00,0.000000000000000000e+00,7.476975284524631003e-14,4.571120108454607055e-12,1.393695757628499567e-03,4.105657443318430211e+01,0.000000000000000000e+00
0.000000000000000000e+00,0.000000000000000000e+00,1.128032962588349402e-13,1.818104622715845289e-13,1.393695757628308747e-03,4.105657443312815502e+01,0.000000000000000000e+00
0.000000000000000000e+00,0.000000000000000000e+00,6.475100120578894985e-14,-9.119174642221720267e-13,1.393695757628485689e-03,4.105657443313036481e+01,0.000000000000000000e+00
0.000000000000000000e+00,0.000000000000000000e+00,5.867352783501143285e-14,-6.846415014468231608e-13,1.393695757628789699e-03,4.105657443314043320e+01,0.000000000000000000e+00
0.000000000000000000e+00,0.000000000000000000e+00,4.541957634360876828e-14,-4.903438706775068864e-12,1.393695757628430612e-03,4.105657443318069255e+01,0.000000000000000000e+00
0.000000000000000000e+00,0.000000000000000000e+00,1.986878128964854822e-14,-3.339151664638299561e-12,1.393695757628515179e-03,4.105657443318432342e+01,0.000000000000000000e+00
0.000000000000000000e+00,0.000000000000000000e+00,1.886867842309884507e-14,-2.952619547765169361e-12,1.393695757628632273e-03,4.105657443313295119e+01,0.000000000000000000e+00
0.000000000000000000e+00,0.000000000000000000e+00,-2.446109262009767003e-14,-5.554069473687234965e-12,1.393695757628725732e-03,4.105657443312882293e+01,0.000000000000000000e+00
0.000000000000000000e+00,0.000000000000000000e+00,-1.046204905860730773e-14,-2.445352518214502250e-12,1.393695757628791001e-03,4.105657443313702970e+01,0.000000000000000000e+00
0.000000000000000000e+00,0.000000000000000000e+00,-1.060945412190392419e-14,-2.359722734703500593e-12,1.393695757628469860e-03,4.105657443317688404e+01,0.000000000000000000e+00
0.000000000000000000e+00,0.000000000000000000e+00,-4.241538735115398638e-14,-1.793291623478551568e-12,1.393695757628585869e-03,4.105657443313497623e+01,0.000000000000000000e+00
0.000000000000000000e+00,0.000000000000000000e+00,-1.854085963227975177e-14,-8.017205518677911455e-13,1.393695757628597145e-03,4.105657443313450017e+01,0.000000000000000000e+00
0.000000000000000000e+00,0.000000000000000000e+00,-1.856994256034032179e-14,-7.478296751538289059e-13,1.393695757628767582e-03,4.105657443313975818e+01,0.000000000000000000e+00
0.000000000000000000e+00,0.000000000000000000e+00,-2.760633935529130637e-14,9.535279204377070317e-13,1.393695757628518432e-03,4.105657443318290234e+01,0.000000000000000000e+00
0.000000000000000000e+00,0.000000000000000000e+00,-1.217624643584758021e-14,4.076114928778213689e-13,1.393695757628534695e-03,4.105657443319105226e+01,0.000000000000000000e+00
0.000000000000000000e+00,0.000000000000000000e+00,-1.185874952038384449e-14,4.367125921543826307e-13,1.393695757628592158e-03,4.105657443318473554e+01,0.000000000000000000e+00
0.000000000000000000e+00,0.000000000000000000e+00,-5.024137266537731421e-15,1.715090419167207762e-12,1.393695757628797289e-03,4.105657443313260302e+01,0.000000000000000000e+00
0.000000000000000000e+00,0.000000000000000000e+00,-2.295071518664715420e-15,7.497821975445222475e-13,1.393695757628795554e-03,4.105657443308610510e+01,0.000000000000000000e+00
0.000000000000000000e+00,0.000000000000000000e+00,-1.380414465118877262e-17,9.271194391712910334e-13,1.393695757628783628e-03,4.105657443313472044e+01,0.000000000000000000e+00
0.000000000000000000e+00,0.000000000000000000e+00,8.494472887637397511e-15,1.107719163709369732e-12,1.393695757628659595e-03,4.105657443313243249e+01,0.000000000000000000e+00
0.000000000000000000e+00,0.000000000000000000e+00,3.291277554855859488e-15,4.634319053322297466e-13,1.393695757628321541e-03,4.105657443312688315e+01,0.000000000000000000e+00
0.000000000000000000e+00,0.000000000000000000e+00,7.030703629896349766e-15,5.755942695498776085e-13,1.393695757628566571e-03,4.105657443313285881e+01,0.000000000000000000e+00
0.000000000000000000e+00,0.000000000000000000e+00,1.003217602252777577e-14,2.146749152165071169e-13,1.393695757628542285e-03,4.105657443313043586e+01,0.000000000000000000e+00
0.000000000000000000e+00,0.000000000000000000e+00,4.121375006020487861e-15,9.336791956677145548e-14,1.393695757628409145e-03,4.105657443318315813e+01,0.000000000000000000e+00
0.000000000000000000e+00,0.000000000000000000e+00,6.274825706127541205e-15,-1.440522267930647818e-14,1.393695757628497399e-03,4.105657443318602873e+01,0.000000000000000000e+00
0.000000000000000000e+00,0.000000000000000000e+00,5.250967147992950826e-15,-3.336406296140149082e-13,1.393695757628479834e-03,4.105657443313371857e+01,0.000000000000000000e+00
0.000000000000000000e+00,0.000000000000000000e+00,1.864831325018129335e-15,-1.702173198990331839e-13,1.393695757628774954e-03,4.105657443314130717e+01,0.000000000000000000e+00
0.000000000000000000e+00,0.000000000000000000e+00,1.651322012871820331e-15,-3.562262754986346698e-13,1.393695757628799891e-03,4.105657443313641863e+01,0.000000000000000000e+00
0.000000000000000000e+00,0.000000000000000000e+00,-1.058176097456721594e-15,-4.974899770071127804e-13,1.393695757628532527e-03,4.105657443318517608e+01,0.000000000000000000e+00
0.000000000000000000e+00,0.000000000000000000e+00,-7.682907184801399291e-16,-2.087511276261171076e-13,1.393695757628615577e-03,4.105657443313025823e+01,0.000000000000000000e+00
0.000000000000000000e+00,0.000000000000000000e+00,-1.319616147532400723e-15,-2.423800697958929548e-13,1.393695757628554211e-03,4.105657443313265276e+01,0.000000000000000000e+00
0.000000000000000000e+00,0.000000000000000000e+00,-3.452069668443563396e-15,-2.098731050528081499e-13,1.393695757628777556e-03,4.105657443313577204e+01,0.000000000000000000e+00
0.000000000000000000e+00,0.000000000000000000e+00,-1.799483189068318217e-15,-8.690651338901147876e-14,1.393695757628480919e-03,4.105657443313269539e+01,0.000000000000000000e+00
0.000000000000000000e+00,0.000000000000000000e+00,-2.209338591818234043e-15,-7.724266005957713105e-14,1.393695757628444490e-03,4.105657443318189337e+01,0.000000000000000000e+00
0.000000000000000000e+00,0.000000000000000000e+00,-2.561024624574326224e-15,6.093781314978659843e-14,1.393695757628633574e-03,4.105657443313049981e+01,0.000000000000000000e+00
0.000000000000000000e+00,0.000000000000000000e+00,-1.405643863044024901e-15,2.762233154371419680e-14,1.393695757628496314e-03,4.105657443318481370e+01,0.000000000000000000e+00
0.000000000000000000e+00,0.000000000000000000e+00,-1.205990995931377224e-15,7.438917135009900989e-14,1.393695757628727033e-03,4.105657443313417332e+01,0.000000000000000000e+00
0.000000000000000000e+00,0.000000000000000000e+00,-2.562158503103802399e-16,1.795283578329519746e-13,1.393695757628516264e-03,4.105657443312925636e+01,0.000000000000000000e+00
0.000000000000000000e+00,0.000000000000000000e+00,-1.848165392413098151e-16,9.492494864539397195e-14,1.393695757628740910e-03,4.105657443313537414e+01,0.000000000000000000e+00
0.000000000000000000e+00,0.000000000000000000e+00,1.502231161412585362e-15,2.056941334203554379e-13,1.393695757628579581e-03,4.105657443312965427e+01,0.000000000000000000e+00
0.000000000000000000e+00,0.000000000000000000e+00,1.290292322205998132e-15,1.254915784804987716e-13,1.393695757628512361e-03,4.105657443313656785e+01,0.000000000000000000e+00
0.000000000000000000e+00,0.000000000000000000e+00,1.378656394172844297e-16,3.036509934228928346e-14,1.393695757628541200e-03,4.105657443313603494e+01,0.000000000000000000e+00
0.000000000000000000e+00,0.000000000000000000e+00,1.845532844296537740e-15,3.960734506644668755e-14,1.393695757628528840e-03,4.105657443313506860e+01,0.000000000000000000e+00
0.000000000000000000e+00,0.000000000000000000e+00,1.314212007861616150e-15,6.392748786212051468e-15,1.393695757628511493e-03,4.105657443318791877e+01,0.000000000000000000e+00
0.000000000000000000e+00,0.000000000000000000e+00,-1.448666038701341929e-15,-8.407776967689705424e-14,1.393695757628482870e-03,4.105657443318283129e+01,0.000000000000000000e+00
0.000000000000000000e+00,0.000000000000000000e+00,1.962436091685699423e-16,-1.134074975591272001e-13,1.393695757628482653e-03,4.105657443318023070e+01,0.000000000000000000e+00
0.000000000000000000e+00,0.000000000000000000e+00,4.172536782707775058e-16,-6.877449652816025316e-14,1.393695757628798373e-03,4.105657443309053178e+01,0.000000000000000000e+00
0.000000000000000000e+00,0.000000000000000000e+00,-1.044419440963476273e-15,2.805009683938160498e-14,1.393695757628758908e-03,4.105657443313248933e+01,0.000000000000000000e+00
0.000000000000000000e+00,0.000000000000000000e+00,1.717706489874937838e-16,-1.327167127516601689e-14,1.393695757628733755e-03,4.105657443313728550e+01,0.000000000000000000e+00
0.000000000000000000e+00,0.000000000000000000e+00,-1.312872803658973400e-15,-1.319041727532058610e-13,1.393695757628312651e-03,4.105657443313112509e+01,0.000000000000000000e+00
0.000000000000000000e+00,0.000000000000000000e+00,-4.772194759224927473e-16,4.351654323671443644e-14,1.393695757628535996e-03,4.105657443312956190e+01,0.000000000000000000e+00
0.000000000000000000e+00,0.000000000000000000e+00,-1.675487459298409593e-18,-1.334926410861027592e-14,1.393695757628624901e-03,4.105657443312998112e+01,0.000000000000000000e+00
0.000000000000000000e+00,0.000000000000000000e+00,-5.353617232864436102e-16,4.717697511789261426e-14,1.393695757628431479e-03,4.105657443318166600e+01,0.000000000000000000e+00
0.000000000000000000e+00,0.000000000000000000e+00,-5.455381375076544415e-16,1.620221171844336201e-14,1.393695757628507373e-03,4.105657443313290145e+01,0.000000000000000000e+00
0.000000000000000000e+00,0.000000000000000000e+00,-9.648446593942747953e-15,-3.681273400293404425e-13,1.393695757628513662e-03,4.105657443312870925e+01,0.000000000000000000e+00
0.000000000000000000e+00,0.000000000000000000e+00,4.515605939850685953e-15,3.089274847270543485e-13,1.393695757628724431e-03,4.105657443313781130e+01,0.000000000000000000e+00
0.000000000000000000e+00,0.000000000000000000e+00,-9.243352261789741389e-16,-8.002271171296742525e-15,1.393695757628502386e-03,4.105657443318428079e+01,0.000000000000000000e+00
0.000000000000000000e+00,0.000000000000000000e+00,-5.500399538397963213e-15,3.057702791402549253e-13,1.393695757628471595e-03,4.105657443313689470e+01,0.000000000000000000e+00
0.000000000000000000e+00,0.000000000000000000e+00,3.659287763204262234e-15,-4.060938645555052475e-14,1.393695757628595844e-03,4.105657443317337396e+01,0.000000000000000000e+00
0.000000000000000000e+00,0.000000000000000000e+00,-1.568722963594947454e-15,-2.788899522953714794e-14,1.393695757628770401e-03,4.105657443313850763e+01,0.000000000000000000e+00
0.000000000000000000e+00,0.000000000000000000e+00,7.767210559964334165e-16,4.940152871866769240e-13,1.393695757628513445e-03,4.105657443318614952e+01,0.000000000000000000e+00
0.000000000000000000e+00,0.000000000000000000e+00,7.186153251861533095e-16,-2.277102994787381496e-13,1.393695757628695591e-03,4.105657443313814525e+01,0.000000000000000000e+00
0.000000000000000000e+00,0.000000000000000000e+00,-6.517697755146727531e-16,6.953294752893315635e-14,1.393695757628630105e-03,4.105657443313172905e+01,0.000000000000000000e+00
0.000000000000000000e+00,0.000000000000000000e+00,3.164143936478566983e-15,2.148324822491283317e-13,1.393695757628764980e-03,4.105657443313521782e+01,0.000000000000000000e+00
0.000000000000000000e+00,0.000000000000000000e+00,-4.274699039588601147e-15,-3.813732130998770007e-13,1.393695757628555512e-03,4.105657443318500555e+01,0.000000000000000000e+00
0.000000000000000000e+00,0.000000000000000000e+00,3.447087165843523530e-16,7.918535234480499787e-14,1.393695757628567872e-03,4.105657443313593546e+01,0.000000000000000000e+00
0.000000000000000000e+00,0.000000000000000000e+00,2.554119063126644625e-15,-2.930038749576195688e-14,1.393695757628573726e-03,4.105657443313605626e+01,0.000000000000000000e+00
0.000000000000000000e+00,0.000000000000000000e+00,-4.093109983083456087e-15,1.350813910305335358e-16,1.393695757628762811e-03,4.105657443314597543e+01,0.000000000000000000e+00
0.000000000000000000e+00,0.000000000000000000e+00,1.421762760325141988e-15,8.296664346772034235e-14,1.393695757628493712e-03,4.105657443318169442e+01,0.000000000000000000e+00
0.000000000000000000e+00,0.000000000000000000e+00,4.943292032647355997e-16,-1.595303969685699648e-13,1.393695757628508674e-03,4.105657443318884958e+01,0.000000000000000000e+00
0.000000000000000000e+00,0.000000000000000000e+00,-1.147440699382525276e-15,2.266264205292389841e-13,1.393695757628624684e-03,4.105657443318053623e+01,0.000000000000000000e+00
0.000000000000000000e+00,0.000000000000000000e+00,1.028440042376479564e-15,-2.724999014291770860e-14,1.393695757628755439e-03,4.105657443314284194e+01,0.000000000000000000e+00
0.000000000000000000e+00,0.000000000000000000e+00,-1.355530994566042467e-16,-5.744342610299766295e-14,1.393695757628792085e-03,4.105657443308151500e+01,0.000000000000000000e+00
0.000000000000000000e+00,0.000000000000000000e+00,-4.040744404381091543e-17,9.714063890927094431e-14,1.393695757628763028e-03,4.105657443313229749e+01,0.000000000000000000e+00
0.000000000000000000e+00,0.000000000000000000e+00,8.180393453844492874e-17,-7.381686993480122989e-14,1.393695757628645067e-03,4.105657443318340682e+01,0.000000000000000000e+00
0.000000000000000000e+00,0.000000000000000000e+00,2.456423958764313155e-15,1.336815578912439769e-13,1.393695757628284461e-03,4.105657443318001043e+01,0.000000000000000000e+00
0.000000000000000000e+00,0.000000000000000000e+00,5.387128952613684546e-16,4.983445462445081338e-14,1.393695757628549874e-03,4.105657443313434385e+01,0.000000000000000000e+00
0.000000000000000000e+00,0.000000000000000000e+00,-1.369270817863875023e-15,-1.110075453148875931e-13,1.393695757628831116e-03,4.105657443313594968e+01,0.000000000000000000e+00
0.000000000000000000e+00,0.000000000000000000e+00,1.703553141679417093e-15,-5.307158167625514529e-14,1.393695757628737658e-03,4.105657443308724197e+01,0.000000000000000000e+00
0.000000000000000000e+00,0.000000000000000000e+00,-3.069292593906977749e-15,-1.334921467122186628e-13,1.393695757628531876e-03,4.105657443318087019e+01,0.000000000000000000e+00
0.000000000000000000e+00,0.000000000000000000e+00,-1.226473686600928043e-15,6.958852848579570095e-15,1.393695757628656559e-03,4.105657443313203459e+01,0.000000000000000000e+00
0.000000000000000000e+00,0.000000000000000000e+00,7.530766052878328832e-17,-1.271924084253512322e-13,1.393695757628332600e-03,4.105657443312652788e+01,0.000000000000000000e+00
0.000000000000000000e+00,0.000000000000000000e+00,-2.020403208568738566e-15,6.707757993923683078e-14,1.393695757628756523e-03,4.105657443313379673e+01,0.000000000000000000e+00
0.000000000000000000e+00,0.000000000000000000e+00,2.617954684001523779e-16,1.122415762691350852e-13,1.393695757628548139e-03,4.105657443313788235e+01,0.000000000000000000e+00
0.000000000000000000e+00,0.000000000000000000e+00,-2.352215476051552588e-15,-1.857928599185323517e-13,1.393695757628421938e-03,4.105657443319027067e+01,0.000000000000000000e+00
0.000000000000000000e+00,0.000000000000000000e+00,-5.793967556906371718e-17,1.534131740233851150e-13,1.393695757628581316e-03,4.105657443313432253e+01,0.000000000000000000e+00
0.000000000000000000e+00,0.000000000000000000e+00,2.910086753640816438e-15,1.995255416813309070e-13,1.393695757628511710e-03,4.105657443318475686e+01,0.000000000000000000e+00
0.000000000000000000e+00,0.000000000000000000e+00,-2.057945817945648634e-15,8.318499270743135285e-15,1.393695757628742862e-03,4.105657443308820120e+01,0.000000000000000000e+00
0.000000000000000000e+00,0.000000000000000000e+00,2.833543925846867004e-15,2.213473205104989163e-13,1.393695757628537297e-03,4.105657443318400368e+01,0.000000000000000000e+00
0.000000000000000000e+00,0.000000000000000000e+00,2.330439513210438022e-15,-3.735618141307363801e-14,1.393695757628761727e-03,4.105657443313248933e+01,0.000000000000000000e+00
0.000000000000000000e+00,0.000000000000000000e+00,-7.576034967413450578e-16,9.546164754598142841e-14,1.393695757628313301e-03,4.105657443313156563e+01,0.000000000000000000e+00
0.000000000000000000e+00,0.000000000000000000e+00,2.474536851795973934e-15,-1.958985698019090329e-14,1.393695757628800975e-03,4.105657443313615573e+01,0.000000000000000000e+00
0.000000000000000000e+00,0.000000000000000000e+00,6.874105033805559964e-16,-1.225194649919804336e-13,1.393695757628537948e-03,4.105657443313018007e+01,0.000000000000000000e+00
0.000000000000000000e+00,0.000000000000000000e+00,5.117489891462115700e-16,1.011192121031814971e-13,1.393695757628424323e-03,4.105657443318037281e+01,0.000000000000000000e+00
0.000000000000000000e+00,0.000000000000000000e+00,5.456788802933945566e-16,-1.491050363155298903e-13,1.393695757628545320e-03,4.105657443312323807e+01,0.000000000000000000e+00
0.000000000000000000e+00,0.000000000000000000e+00,-1.636136206457259487e-15,-1.772025279563296614e-13,1.393695757628488508e-03,4.105657443318187205e+01,0.000000000000000000e+00
0.000000000000000000e+00,0.000000000000000000e+00,1.807790371753326260e-15,9.997220839002939983e-14,1.393695757628766281e-03,4.105657443313501886e+01,0.000000000000000000e+00
0.000000000000000000e+00,0.000000000000000000e+00,-2.807259960895334439e-15,-2.559975884272237662e-13,1.393695757628430612e-03,4.105657443313374699e+01,0.000000000000000000e+00
0.000000000000000000e+00,0.000000000000000000e+00,-1.803610716643074997e-15,-1.931290863970825590e-14,1.393695757628716624e-03,4.105657443313231170e+01,0.000000000000000000e+00
0.000000000000000000e+00,0.000000000000000000e+00,1.265784424885600794e-15,-3.807183654734254970e-14,1.393695757628647669e-03,4.105657443313459964e+01,0.000000000000000000e+00
0.000000000000000000e+00,0.000000000000000000e+00,-2.730073043183688836e-15,-3.348661413517959136e-15,1.393695757628498700e-03,4.105657443318634137e+01,0.000000000000000000e+00
0.000000000000000000e+00,0.000000000000000000e+00,-1.595191626635237951e-16,1.233604878629755216e-13,1.393695757628527973e-03,4.105657443313393173e+01,0.000000000000000000e+00
0.000000000000000000e+00,0.000000000000000000e+00,6.628779172148282774e-17,-9.366297921102964674e-14,1.393695757628594760e-03,4.105657443314260746e+01,0.000000000000000000e+00
0.000000000000000000e+00,0.000000000000000000e+00,-7.914259722184775908e-16,1.490259975593491123e-13,1.393695757628792952e-03,4.105657443313066324e+01,0.000000000000000000e+00
0.000000000000000000e+00,0.000000000000000000e+00,3.067742174167924537e-15,2.434722776557737943e-13,1.393695757628507373e-03,4.105657443317796407e+01,0.000000000000000000e+00
0.000000000000000000e+00,0.000000000000000000e+00,-1.733323062180380946e-15,-1.377202277784955088e-13,1.393695757628590640e-03,4.105657443318514765e+01,0.000000000000000000e+00
0.000000000000000000e+00,0.000000000000000000e+00,2.832562925339190751e-15,2.764079558716516189e-13,1.393695757628556379e-03,4.105657443313124588e+01,0.000000000000000000e+00
0.000000000000000000e+00,0.000000000000000000e+00,2.708123888043872267e-15,-1.883424244786410397e-14,1.393695757628774087e-03,4.105657443314011346e+01,0.000000000000000000e+00
0.000000000000000000e+00,0.000000000000000000e+00,-1.531305471621683900e-15,1.054583914030596242e-14,1.393695757628843693e-03,4.105657443314112243e+01,0.000000000000000000e+00
0.000000000000000000e+00,0.000000000000000000e+00,2.799695311781708788e-15,1.716756818505588858e-14,1.393695757628508241e-03,4.105657443318134625e+01,0.000000000000000000e+00
0.000000000000000000e+00,0.000000000000000000e+00,9.488154388169525343e-16,-1.296921203831094254e-13,1.393695757628593893e-03,4.105657443318357736e+01,0.000000000000000000e+00
0.000000000000000000e+00,0.000000000000000000e+00,3.610929838068451409e-16,1.427597901747903109e-13,1.393695757628662848e-03,4.105657443313786104e+01,0.000000000000000000e+00
0.000000000000000000e+00,0.000000000000000000e+00,9.158127642577971414e-16,-1.443114399471047546e-13,1.393695757628743079e-03,4.105657443314080268e+01,0.000000000000000000e+00
0.000000000000000000e+00,0.000000000000000000e+00,-1.767502754741388443e-15,-2.058333305430408522e-13,1.393695757628766281e-03,4.105657443313457122e+01,0.000000000000000000e+00
0.000000000000000000e+00,0.000000000000000000e+00,1.184516165549425318e-15,6.852803472964032175e-14,1.393695757628519299e-03,4.105657443318633426e+01,0.000000000000000000e+00
0.000000000000000000e+00,0.000000000000000000e+00,-2.759223410550801295e-15,-2.801417221847150109e-13,1.393695757628595410e-03,4.105657443318287392e+01,0.000000000000000000e+00
0.000000000000000000e+00,0.000000000000000000e+00,-2.057708221104673862e-15,-2.979371998935898355e-14,1.393695757628606469e-03,4.105657443313691601e+01,0.000000000000000000e+00
0.000000000000000000e+00,0.000000000000000000e+00,8.523183359677754630e-16,-2.307121659175697629e-14,1.393695757628802710e-03,4.105657443313292276e+01,0.000000000000000000e+00
0.000000000000000000e+00,0.000000000000000000e+00,-2.899789831836952708e-15,-2.097714041088312489e-14,1.393695757628776039e-03,4.105657443313737076e+01,0.000000000000000000e+00
0.000000000000000000e+00,0.000000000000000000e+00,-8.034239671148082160e-16,9.541600839048147614e-14,1.393695757628525371e-03,4.105657443317748800e+01,0.000000000000000000e+00
0.000000000000000000e+00,0.000000000000000000e+00,-5.179864617107772125e-16,-1.037355619966176790e-13,1.393695757628540116e-03,4.105657443312767896e+01,0.000000000000000000e+00
0.000000000000000000e+00,0.000000000000000000e+00,-9.728031623869733635e-16,1.474894020456301429e-13,1.393695757628570474e-03,4.105657443313235433e+01,0.000000000000000000e+00
0.000000000000000000e+00,0.000000000000000000e+00,1.845896686865275498e-15,2.017512049794369105e-13,1.393695757628724647e-03,4.105657443313697996e+01,0.000000000000000000e+00
0.000000000000000000e+00,0.000000000000000000e+00,-2.209087482320507943e-16,1.408866705416941857e-14,1.393695757628474630e-03,4.105657443313974397e+01,0.000000000000000000e+00
0.000000000000000000e+00,0.000000000000000000e+00,2.823995452917430251e-15,2.893858844364605080e-13,1.393695757628517131e-03,4.105657443313023691e+01,0.000000000000000000e+00
0.000000000000000000e+00,0.000000000000000000e+00,2.048731006071697397e-15,2.292383679252076751e-14,1.393695757628535129e-03,4.105657443318641953e+01,0.000000000000000000e+00
0.000000000000000000e+00,0.000000000000000000e+00,3.222028535777977272e-15,2.030431282314083237e-13,1.393695757628550308e-03,4.105657443318678190e+01,0.000000000000000000e+00
0.000000000000000000e+00,0.000000000000000000e+00,2.988104561866433609e-15,2.312372353253837486e-14,1.393695757628464005e-03,4.105657443318477817e+01,0.000000000000000000e+00
0.000000000000000000e+00,0.000000000000000000e+00,7.487794249776306815e-16,-9.917859118272029966e-14,1.393695757628766281e-03,4.105657443313792498e+01,0.000000000000000000e+00
0.000000000000000000e+00,0.000000000000000000e+00,2.504900660456873938e-15,-3.794912126345084581e-14,1.393695757628787748e-03,4.105657443313710786e+01,0.000000000000000000e+00
0.000000000000000000e+00,0.000000000000000000e+00,1.013870292974669234e-15,-1.510464666305834142e-13,1.393695757628771919e-03,4.105657443313491939e+01,0.000000000000000000e+00
0.000000000000000000e+00,0.000000000000000000e+00,1.467403419610254116e-16,-5.111875649167461507e-14,1.393695757628572209e-03,4.105657443313132404e+01,0.000000000000000000e+00
0.000000000000000000e+00,0.000000000000000000e+00,4.148964435994358347e-16,-1.621686563014010522e-13,1.393695757628623383e-03,4.105657443312657051e+01,0.000000000000000000e+00
0.000000000000000000e+00,0.000000000000000000e+00,-2.894020039125060201e-15,-2.978353418410601172e-13,1.393695757628514746e-03,4.105657443312804133e+01,0.000000000000000000e+00
0.000000000000000000e+00,0.000000000000000000e+00,1.579524527605152644e-15,6.480140736727222279e-14,1.393695757628491978e-03,4.105657443318590794e+01,0.000000000000000000e+00
0.000000000000000000e+00,0.000000000000000000e+00,-7.469772734179416820e-16,-9.703907325099826592e-14,1.393695757628494146e-03,4.105657443313436517e+01,0.000000000000000000e+00
0.000000000000000000e+00,0.000000000000000000e+00,-2.954617308646070108e-15,-2.550349619281336381e-14,1.393695757628489809e-03,4.105657443313480570e+01,0.000000000000000000e+00
0.000000000000000000e+00,0.000000000000000000e+00,9.348757745216699393e-16,-4.724444483920291966e-14,1.393695757628769316e-03,4.105657443313714339e+01,0.000000000000000000e+00
0.000000000000000000e+00,0.000000000000000000e+00,5.356113295980019627e-15,2.736226923212398564e-13,1.393695757628502169e-03,4.105657443318740007e+01,0.000000000000000000e+00
0.000000000000000000e+00,0.000000000000000000e+00,-1.022530943226905643e-15,1.477175362942091607e-13,1.393695757628476148e-03,4.105657443317913646e+01,0.000000000000000000e+00
0.000000000000000000e+00,0.000000000000000000e+00,-9.724620110757404897e-16,-1.447449736776771875e-13,1.393695757628619480e-03,4.105657443313176458e+01,0.000000000000000000e+00
0.000000000000000000e+00,0.000000000000000000e+00,3.773963339399111716e-15,-9.606504269460752419e-14,1.393695757628793819e-03,4.105657443308036392e+01,0.000000000000000000e+00
0.000000000000000000e+00,0.000000000000000000e+00,2.833614604873536789e-15,2.938605263317062319e-13,1.393695757628763462e-03,4.105657443313387489e+01,0.000000000000000000e+00
0.000000000000000000e+00,0.000000000000000000e+00,-1.371119904106103547e-15,-3.592124603618307720e-14,1.393695757628524287e-03,4.105657443312880162e+01,0.000000000000000000e+00
0.000000000000000000e+00,0.000000000000000000e+00,3.300183138878243482e-16,-2.684407608450095048e-13,1.393695757628304844e-03,4.105657443313563704e+01,0.000000000000000000e+00
0.000000000000000000e+00,0.000000000000000000e+00,3.024755178396462666e-15,2.536568538958484996e-14,1.393695757628600831e-03,4.105657443313236143e+01,0.000000000000000000e+00
0.000000000000000000e+00,0.000000000000000000e+00,-6.572705095943137210e-16,5.361601197106810479e-14,1.393695757628482003e-03,4.105657443314157717e+01,0.000000000000000000e+00
0.000000000000000000e+00,0.000000000000000000e+00,-1.944212883124897710e-15,-1.847035900258305200e-13,1.393695757628436466e-03,4.105657443313832289e+01,0.000000000000000000e+00
0.000000000000000000e+00,0.000000000000000000e+00,1.041164935698497717e-15,-1.516849245151582435e-13,1.393695757628517348e-03,4.105657443318906985e+01,0.000000000000000000e+00
0.000000000000000000e+00,0.000000000000000000e+00,1.059654316107161729e-15,1.305547022457251063e-13,1.393695757628528407e-03,4.105657443318445843e+01,0.000000000000000000e+00
0.000000000000000000e+00,0.000000000000000000e+00,-1.891031303304403483e-15,-9.194154092561719857e-15,1.393695757628487641e-03,4.105657443318461475e+01,0.000000000000000000e+00
0.000000000000000000e+00,0.000000000000000000e+00,1.699897319547147654e-16,-7.455114082118633459e-14,1.393695757628851933e-03,4.105657443308741250e+01,0.000000000000000000e+00
0.000000000000000000e+00,0.000000000000000000e+00,1.287915190868134237e-15,2.229716947248367204e-14,1.393695757628772786e-03,4.105657443313729260e+01,0.000000000000000000e+00
0.000000000000000000e+00,0.000000000000000000e+00,1.897636847918193391e-16,1.470646081405158523e-13,1.393695757628748283e-03,4.105657443314171218e+01,0.000000000000000000e+00
0.000000000000000000e+00,0.000000000000000000e+00,-5.179648702485190420e-16,-5.563148564077638691e-14,1.393695757628379004e-03,4.105657443313245381e+01,0.000000000000000000e+00
0.000000000000000000e+00,0.000000000000000000e+00,5.305509725030037213e-16,-5.745801954237077519e-14,1.393695757628564619e-03,4.105657443313356936e+01,0.000000000000000000e+00
0.000000000000000000e+00,0.000000000000000000e+00,1.169106794749340399e-15,8.067971458911964939e-14,1.393695757628604951e-03,4.105657443318445843e+01,0.000000000000000000e+00
0.000000000000000000e+00,0.000000000000000000e+00,-5.674406052708795470e-16,-5.824525482249304371e-15,1.393695757628460102e-03,4.105657443318715139e+01,0.000000000000000000e+00
0.000000000000000000e+00,0.000000000000000000e+00,-2.871016323912427772e-16,-6.498955019841519253e-14,1.393695757628485256e-03,4.105657443318652611e+01,0.000000000000000000e+00
0.000000000000000000e+00,0.000000000000000000e+00,9.401963289954265036e-16,-1.468409543878393753e-14,1.393695757628797072e-03,4.105657443313818789e+01,0.000000000000000000e+00
0.000000000000000000e+00,0.000000000000000000e+00,-2.584443018747638637e-16,2.213204349931479933e-14,1.393695757628786230e-03,4.105657443314026267e+01,0.000000000000000000e+00
0.000000000000000000e+00,0.000000000000000000e+00,-3.108404875516745794e-16,-6.353571642679833186e-15,1.393695757628745247e-03,4.105657443308695775e+01,0.000000000000000000e+00
0.000000000000000000e+00,0.000000000000000000e+00,1.523885780119087594e-16,-6.114174268256916272e-14,1.393695757628621431e-03,4.105657443318521871e+01,0.000000000000000000e+00
0.000000000000000000e+00,0.000000000000000000e+00,3.171557110711953017e-16,4.309397141952439000e-14,1.393695757628622949e-03,4.105657443313084087e+01,0.000000000000000000e+00
0.000000000000000000e+00,0.000000000000000000e+00,-1.354253297019775367e-16,1.326486250686452432e-14,1.393695757628343225e-03,4.105657443313064192e+01,0.000000000000000000e+00
0.000000000000000000e+00,0.000000000000000000e+00,-1.143368272759354386e-15,-9.901379823566930201e-14,1.393695757628784712e-03,4.105657443314007793e+01,0.000000000000000000e+00
0.000000000000000000e+00,0.000000000000000000e+00,1.115347181393097775e-15,5.910162080870602708e-14,1.393695757628523203e-03,4.105657443313391752e+01,0.000000000000000000e+00
0.000000000000000000e+00,0.000000000000000000e+00,2.592032728754376933e-16,3.002956378913678156e-14,1.393695757628444706e-03,4.105657443318678190e+01,0.000000000000000000e+00
0.000000000000000000e+00,0.000000000000000000e+00,-2.833615475230149488e-15,-1.266793986066412217e-13,1.393695757628571992e-03,4.105657443317960542e+01,0.000000000000000000e+00
0.000000000000000000e+00,0.000000000000000000e+00,7.613870436602771029e-16,-2.508743998787871405e-14,1.393695757628537731e-03,4.105657443318671795e+01,0.000000000000000000e+00
0.000000000000000000e+00,0.000000000000000000e+00,8.338232962649237756e-16,4.315452751095125109e-14,1.393695757628836754e-03,4.105657443313621258e+01,0.000000000000000000e+00
0.000000000000000000e+00,0.000000000000000000e+00,-1.756258135180890347e-15,7.828958227938514879e-14,1.393695757628708384e-03,4.105657443313241828e+01,0.000000000000000000e+00
0.000000000000000000e+00,0.000000000000000000e+00,-5.452416574661420488e-16,-9.898750245362312735e-14,1.393695757628827863e-03,4.105657443313750576e+01,0.000000000000000000e+00
0.000000000000000000e+00,0.000000000000000000e+00,1.541394913094812846e-15,5.212608867749693013e-14,1.393695757628573943e-03,4.105657443313340593e+01,0.000000000000000000e+00
0.000000000000000000e+00,0.000000000000000000e+00,1.012472645895780725e-16,1.457450894422380027e-13,1.393695757628565270e-03,4.105657443312978216e+01,0.000000000000000000e+00
0.000000000000000000e+00,0.000000000000000000e+00,-9.040605607146419521e-16,-3.119631617732375422e-14,1.393695757628607554e-03,4.105657443313066324e+01,0.000000000000000000e+00
0.000000000000000000e+00,0.000000000000000000e+00,8.280023979653510268e-16,-5.299299186558400334e-14,1.393695757628479834e-03,4.105657443317274868e+01,0.000000000000000000e+00
0.000000000000000000e+00,0.000000000000000000e+00,2.674895652426371404e-15,1.972320842248770690e-13,1.393695757628477232e-03,4.105657443313477017e+01,0.000000000000000000e+00
0.000000000000000000e+00,0.000000000000000000e+00,-4.764698017317874952e-16,3.146980492369166177e-14,1.393695757628525805e-03,4.105657443313747024e+01,0.000000000000000000e+00
0.000000000000000000e+00,0.000000000000000000e+00,-1.697625196333138952e-16,-7.868429425017933066e-14,1.393695757628726382e-03,4.105657443313882027e+01,0.000000000000000000e+00
0.000000000000000000e+00,0.000000000000000000e+00,2.247046644395735615e-15,-2.576096797638734025e-14,1.393695757628524287e-03,4.105657443318602162e+01,0.000000000000000000e+00
0.000000000000000000e+00,0.000000000000000000e+00,1.050887949689024057e-16,4.588315531423519614e-14,1.393695757628509542e-03,4.105657443317915067e+01,0.000000000000000000e+00
0.000000000000000000e+00,0.000000000000000000e+00,-1.431578820258636230e-15,-9.686896375472329550e-14,1.393695757628582617e-03,4.105657443318337130e+01,0.000000000000000000e+00
0.000000000000000000e+00,0.000000000000000000e+00,-7.194284752349667721e-16,-2.240028940877106811e-13,1.393695757628781243e-03,4.105657443313641863e+01,0.000000000000000000e+00
0.000000000000000000e+00,0.000000000000000000e+00,8.341325328418718504e-16,5.597817692558666732e-14,1.393695757628786447e-03,4.105657443313870658e+01,0.000000000000000000e+00
0.000000000000000000e+00,0.000000000000000000e+00,-1.153569897190059455e-15,1.342661147428963509e-14,1.393695757628782110e-03,4.105657443313770472e+01,0.000000000000000000e+00
0.000000000000000000e+00,0.000000000000000000e+00,-1.649789431285361120e-15,-8.373510864317760925e-14,1.393695757628566137e-03,4.105657443313585020e+01,0.000000000000000000e+00
0.000000000000000000e+00,0.000000000000000000e+00,6.587830795728529865e-16,-1.145955263555031738e-14,1.393695757628550091e-03,4.105657443318140309e+01,0.000000000000000000e+00
0.000000000000000000e+00,0.000000000000000000e+00,3.527755906507738513e-16,1.084273967780409776e-13,1.393695757628575895e-03,4.105657443312954058e+01,0.000000000000000000e+00
0.000000000000000000e+00,0.000000000000000000e+00,-1.098251704339535019e-15,3.939419341886683193e-14,1.393695757628513011e-03,4.105657443317945621e+01,0.000000000000000000e+00
0.000000000000000000e+00,0.000000000000000000e+00,-2.829221787833372346e-16,-7.118646440643059518e-14,1.393695757628710986e-03,4.105657443314248667e+01,0.000000000000000000e+00
0.000000000000000000e+00,0.000000000000000000e+00,8.003550898833086868e-16,4.033039923052286578e-14,1.393695757628516914e-03,4.105657443313192090e+01,0.000000000000000000e+00
0.000000000000000000e+00,0.000000000000000000e+00,8.455806859648716501e-16,1.473093146138911679e-13,1.393695757628821141e-03,4.105657443313570809e+01,0.000000000000000000e+00
0.000000000000000000e+00,0.000000000000000000e+00,-1.879788753017891474e-15,-1.202245970270038733e-13,1.393695757628598663e-03,4.105657443318214916e+01,0.000000000000000000e+00
0.000000000000000000e+00,0.000000000000000000e+00,5.305771384181993424e-16,-1.929195719915195887e-14,1.393695757628491327e-03,4.105657443313000243e+01,0.000000000000000000e+00
0.000000000000000000e+00,0.000000000000000000e+00,1.354975993543388762e-15,4.453372350331046657e-14,1.393695757628594109e-03,4.105657443313408095e+01,0.000000000000000000e+00
0.000000000000000000e+00,0.000000000000000000e+00,-1.439652365691733394e-15,2.949991926689555867e-14,1.393695757628797506e-03,4.105657443313215538e+01,0.000000000000000000e+00
0.000000000000000000e+00,0.000000000000000000e+00,2.493100085658166580e-18,-4.132737307696016424e-14,1.393695757628538598e-03,4.105657443313061350e+01,0.000000000000000000e+00
0.000000000000000000e+00,0.000000000000000000e+00,6.731629671139822905e-16,-5.030215977409286769e-14,1.393695757628515396e-03,4.105657443318111177e+01,0.000000000000000000e+00
0.000000000000000000e+00,0.000000000000000000e+00,-1.801125035001870783e-16,9.797136530741239103e-14,1.393695757628568089e-03,4.105657443313097588e+01,0.000000000000000000e+00
0.000000000000000000e+00,0.000000000000000000e+00,-7.618891761175678963e-16,-5.853267189470395969e-14,1.393695757628499350e-03,4.105657443313316435e+01,0.000000000000000000e+00
0.000000000000000000e+00,0.000000000000000000e+00,-1.073311644109983244e-15,-1.321584814240886478e-13,1.393695757628748717e-03,4.105657443313800314e+01,0.000000000000000000e+00
0.000000000000000000e+00,0.000000000000000000e+00,1.825116291964654378e-15,1.533058692413557531e-13,1.393695757628517565e-03,4.105657443313730681e+01,0.000000000000000000e+00
0.000000000000000000e+00,0.000000000000000000e+00,-1.700222156764282338e-15,-7.023875608044411823e-14,1.393695757628460319e-03,4.105657443318878563e+01,0.000000000000000000e+00
0.000000000000000000e+00,0.000000000000000000e+00,-1.303916008550389815e-15,-2.253564407554310584e-14,1.393695757628553994e-03,4.105657443317943489e+01,0.000000000000000000e+00
0.000000000000000000e+00,0.000000000000000000e+00,7.386113672476695627e-16,-6.821545946106965004e-14,1.393695757628518649e-03,4.105657443318320787e+01,0.000000000000000000e+00
0.000000000000000000e+00,0.000000000000000000e+00,-1.096558384251229113e-15,3.907137445890215142e-14,1.393695757628810082e-03,4.105657443308970045e+01,0.000000000000000000e+00
0.000000000000000000e+00,0.000000000000000000e+00,-6.497325251021182885e-16,4.613395966382028139e-14,1.393695757628775388e-03,4.105657443313778998e+01,0.000000000000000000e+00
0.000000000000000000e+00,0.000000000000000000e+00,1.591344729701167139e-15,3.191565669556485421e-14,1.393695757628782761e-03,4.105657443313756261e+01,0.000000000000000000e+00
0.000000000000000000e+00,0.000000000000000000e+00,6.629166224321655045e-16,1.289341856958746361e-13,1.393695757628325878e-03,4.105657443313296540e+01,0.000000000000000000e+00
0.000000000000000000e+00,0.000000000000000000e+00,6.789669426736224919e-16,9.899255944650644539e-14,1.393695757628594977e-03,4.105657443313672417e+01,0.000000000000000000e+00
0.000000000000000000e+00,0.000000000000000000e+00,6.886696521310779267e-16,-6.828840120844058691e-14,1.393695757628584352e-03,4.105657443312559707e+01,0.000000000000000000e+00
0.000000000000000000e+00,0.000000000000000000e+00,1.164300737990730915e-15,4.325078896125028957e-14,1.393695757628415433e-03,4.105657443318699507e+01,0.000000000000000000e+00
0.000000000000000000e+00,0.000000000000000000e+00,9.416202523113041349e-16,2.379811545929346332e-14,1.393695757628546188e-03,4.105657443318726507e+01,0.000000000000000000e+00
0.000000000000000000e+00,0.000000000000000000e+00,-1.333469267898672242e-15,-1.538836333742033195e-13,1.393695757628497399e-03,4.105657443313526755e+01,0.000000000000000000e+00
0.000000000000000000e+00,0.000000000000000000e+00,6.548535014502000214e-16,-3.762468077276872793e-14,1.393695757628753487e-03,4.105657443313645416e+01,0.000000000000000000e+00
0.000000000000000000e+00,0.000000000000000000e+00,3.360392593562317850e-16,-4.504727914627378115e-14,1.393695757628780375e-03,4.105657443313454280e+01,0.000000000000000000e+00
0.000000000000000000e+00,0.000000000000000000e+00,-1.541753311548926072e-15,-2.160659054413221180e-14,1.393695757628526022e-03,4.105657443317943489e+01,0.000000000000000000e+00
0.000000000000000000e+00,0.000000000000000000e+00,-7.646886087014054397e-16,-1.077846230230968155e-13,1.393695757628548356e-03,4.105657443313030797e+01,0.000000000000000000e+00
0.000000000000000000e+00,0.000000000000000000e+00,-1.039109253261159831e-15,-1.039273251234933228e-13,1.393695757628582834e-03,4.105657443313097588e+01,0.000000000000000000e+00
0.000000000000000000e+00,0.000000000000000000e+00,-5.965343538327276037e-16,7.193545021450775730e-14,1.393695757628765847e-03,4.105657443314243693e+01,0.000000000000000000e+00
0.000000000000000000e+00,0.000000000000000000e+00,-1.032382807365482563e-15,-2.450488398205435867e-14,1.393695757628502820e-03,4.105657443312963295e+01,0.000000000000000000e+00
0.000000000000000000e+00,0.000000000000000000e+00,-1.080113659314695474e-15,-6.924844697823714862e-15,1.393695757628538381e-03,4.105657443313630495e+01,0.000000000000000000e+00
0.000000000000000000e+00,0.000000000000000000e+00,1.390647667919398938e-15,1.513365802506910334e-13,1.393695757628600181e-03,4.105657443318294497e+01,0.000000000000000000e+00
0.000000000000000000e+00,0.000000000000000000e+00,-4.756035676187861091e-16,4.194616540224228015e-14,1.393695757628495230e-03,4.105657443313599231e+01,0.000000000000000000e+00
0.000000000000000000e+00,0.000000000000000000e+00,-3.556064828805989760e-16,5.548787157823778593e-14,1.393695757628513878e-03,4.105657443317875277e+01,0.000000000000000000e+00
0.000000000000000000e+00,0.000000000000000000e+00,1.538470792880423621e-15,1.686270191725024832e-14,1.393695757628789483e-03,4.105657443313027244e+01,0.000000000000000000e+00
0.000000000000000000e+00,0.000000000000000000e+00,1.848218892546973005e-16,5.233073807464306250e-14,1.393695757628450127e-03,4.105657443317872435e+01,0.000000000000000000e+00
0.000000000000000000e+00,0.000000000000000000e+00,1.061302222243171248e-15,1.080049800493231242e-13,1.393695757628763028e-03,4.105657443313791788e+01,0.000000000000000000e+00
0.000000000000000000e+00,0.000000000000000000e+00,5.596187756754864406e-16,-7.469506541816475133e-14,1.393695757628567221e-03,4.105657443312836818e+01,0.000000000000000000e+00
0.000000000000000000e+00,0.000000000000000000e+00,9.442721514387494330e-16,5.841914642009103232e-14,1.393695757628738308e-03,4.105657443313529598e+01,0.000000000000000000e+00
0.000000000000000000e+00,0.000000000000000000e+00,1.117280137923917736e-15,8.224740625755002498e-15,1.393695757628575244e-03,4.105657443318461475e+01,0.000000000000000000e+00
0.000000000000000000e+00,0.000000000000000000e+00,-1.437484557464818192e-15,-1.521484129411411968e-13,1.393695757628468342e-03,4.105657443313254618e+01,0.000000000000000000e+00
0.000000000000000000e+00,0.000000000000000000e+00,1.750623332431491008e-15,6.016178198850384838e-14,1.393695757628563752e-03,4.105657443313323540e+01,0.000000000000000000e+00
0.000000000000000000e+00,0.000000000000000000e+00,3.758978845161737002e-16,-5.673897837838447986e-14,1.393695757628776906e-03,4.105657443313980082e+01,0.000000000000000000e+00
0.000000000000000000e+00,0.000000000000000000e+00,-1.557772357239134385e-15,-1.477375605659501640e-14,1.393695757628503687e-03,4.105657443318060018e+01,0.000000000000000000e+00
0.000000000000000000e+00,0.000000000000000000e+00,9.476800998528559747e-16,-5.959095390754456177e-14,1.393695757628553343e-03,4.105657443313359067e+01,0.000000000000000000e+00
0.000000000000000000e+00,0.000000000000000000e+00,-1.086568278479001763e-15,-1.114651412610870358e-13,1.393695757628655692e-03,4.105657443313724997e+01,0.000000000000000000e+00
0.000000000000000000e+00,0.000000000000000000e+00,-1.026371086390208837e-16,1.092369663672982323e-13,1.393695757628778207e-03,4.105657443313891974e+01,0.000000000000000000e+00
0.000000000000000000e+00,0.000000000000000000e+00,-1.201388766327469699e-15,-1.632386167150100100e-13,1.393695757628494580e-03,4.105657443318020228e+01,0.000000000000000000e+00
0.000000000000000000e+00,0.000000000000000000e+00,-1.150623606733673784e-15,-8.971692521253250687e-15,1.393695757628529708e-03,4.105657443318225575e+01,0.000000000000000000e+00
0.000000000000000000e+00,0.000000000000000000e+00,2.727795969564698868e-15,2.135091892567638540e-13,1.393695757628605602e-03,4.105657443318102651e+01,0.000000000000000000e+00
0.000000000000000000e+00,0.000000000000000000e+00,-1.575675014544191345e-15,-3.471714540339528785e-14,1.393695757628738525e-03,4.105657443313607047e+01,0.000000000000000000e+00
0.000000000000000000e+00,0.000000000000000000e+00,-4.004619861461142570e-17,8.342501444593151369e-14,1.393695757628757390e-03,4.105657443314116506e+01,0.000000000000000000e+00
0.000000000000000000e+00,0.000000000000000000e+00,2.385393239567241264e-15,-1.859676930600744911e-14,1.393695757628799891e-03,4.105657443313724997e+01,0.000000000000000000e+00
0.000000000000000000e+00,0.000000000000000000e+00,-7.055294348744802506e-16,6.568415253551257198e-14,1.393695757628544019e-03,4.105657443318133915e+01,0.000000000000000000e+00
0.000000000000000000e+00,0.000000000000000000e+00,2.094433565089986295e-15,1.609855856235111253e-13,1.393695757628585219e-03,4.105657443317921462e+01,0.000000000000000000e+00
0.000000000000000000e+00,0.000000000000000000e+00,5.282016267119110809e-16,-1.435554445853864234e-13,1.393695757628613625e-03,4.105657443312615129e+01,0.000000000000000000e+00
0.000000000000000000e+00,0.000000000000000000e+00,3.004215843610999447e-16,7.977448528387146188e-14,1.393695757628753270e-03,4.105657443313550914e+01,0.000000000000000000e+00
0.000000000000000000e+00,0.000000000000000000e+00,1.809155056200557649e-15,-1.610740941036552469e-14,1.393695757628777990e-03,4.105657443313750576e+01,0.000000000000000000e+00
0.000000000000000000e+00,0.000000000000000000e+00,-7.835057061327474318e-17,-5.460087547840856058e-14,1.393695757628513878e-03,4.105657443313118904e+01,0.000000000000000000e+00
0.000000000000000000e+00,0.000000000000000000e+00,1.437442282433836191e-15,8.749641631541734392e-14,1.393695757628589556e-03,4.105657443313625521e+01,0.000000000000000000e+00
0.000000000000000000e+00,0.000000000000000000e+00,3.854059577471776067e-16,-1.101187588804043997e-13,1.393695757628567221e-03,4.105657443317620192e+01,0.000000000000000000e+00
0.000000000000000000e+00,0.000000000000000000e+00,-1.253475074088948196e-15,-7.356371630697501429e-14,1.393695757628502820e-03,4.105657443319059041e+01,0.000000000000000000e+00
0.000000000000000000e+00,0.000000000000000000e+00,1.067209417976938151e-15,-2.530927137796009101e-14,1.393695757628522552e-03,4.105657443318639821e+01,0.000000000000000000e+00
0.000000000000000000e+00,0.000000000000000000e+00,-2.071333836050305359e-15,-1.875929377962049670e-13,1.393695757628734839e-03,4.105657443313734234e+01,0.000000000000000000e+00
0.000000000000000000e+00,0.000000000000000000e+00,-9.098757272712755844e-16,2.376569682326711259e-14,1.393695757628793819e-03,4.105657443308600563e+01,0.000000000000000000e+00
0.000000000000000000e+00,0.000000000000000000e+00,1.074073686225956204e-16,-7.475937143471180576e-14,1.393695757628765847e-03,4.105657443313233301e+01,0.000000000000000000e+00
0.000000000000000000e+00,0.000000000000000000e+00,-2.004558569282505209e-15,-1.668121805235112545e-15,1.393695757628596278e-03,4.105657443313420174e+01,0.000000000000000000e+00
0.000000000000000000e+00,0.000000000000000000e+00,5.370524248773849604e-16,1.095221856354708664e-13,1.393695757628330648e-03,4.105657443313175037e+01,0.000000000000000000e+00
0.000000000000000000e+00,0.000000000000000000e+00,-1.285400607425340164e-16,-2.258310659797423604e-14,1.393695757628598663e-03,4.105657443312843213e+01,0.000000000000000000e+00
0.000000000000000000e+00,0.000000000000000000e+00,1.875360534896455370e-16,1.650430215831694269e-13,1.393695757628540333e-03,4.105657443312710342e+01,0.000000000000000000e+00
0.000000000000000000e+00,0.000000000000000000e+00,9.816953532178346360e-16,3.818125584514041553e-14,1.393695757628430395e-03,4.105657443318458633e+01,0.000000000000000000e+00
0.000000000000000000e+00,0.000000000000000000e+00,-2.074171617442320258e-16,-6.887572706138448878e-15,1.393695757628452296e-03,4.105657443313191379e+01,0.000000000000000000e+00
0.000000000000000000e+00,0.000000000000000000e+00,1.038642078409544665e-16,6.058063062303581044e-15,1.393695757628473546e-03,4.105657443314125743e+01,0.000000000000000000e+00
0.000000000000000000e+00,0.000000000000000000e+00,5.967407982657539505e-16,-2.809524906139506748e-14,1.393695757628800541e-03,4.105657443313667443e+01,0.000000000000000000e+00
0.000000000000000000e+00,0.000000000000000000e+00,-1.043445444468395468e-16,7.600756598882963390e-15,1.393695757628459235e-03,4.105657443318186495e+01,0.000000000000000000e+00
0.000000000000000000e+00,0.000000000000000000e+00,-4.718875502904129788e-15,-2.736608689319587966e-13,1.393695757628504121e-03,4.105657443317437583e+01,0.000000000000000000e+00
0.000000000000000000e+00,0.000000000000000000e+00,-5.350009076686691609e-16,-8.575016620271861891e-14,1.393695757628626202e-03,4.105657443313656074e+01,0.000000000000000000e+00
0.000000000000000000e+00,0.000000000000000000e+00,1.614119072526888971e-16,2.011151235135147617e-14,1.393695757628774954e-03,4.105657443313844368e+01,0.000000000000000000e+00
0.000000000000000000e+00,0.000000000000000000e+00,-3.400465112546666157e-15,9.150259310301301158e-14,1.393695757628699494e-03,4.105657443313914712e+01,0.000000000000000000e+00
0.000000000000000000e+00,0.000000000000000000e+00,-2.292500893409165265e-15,-1.319940901849132212e-13,1.393695757628527106e-03,4.105657443318629873e+01,0.000000000000000000e+00
0.000000000000000000e+00,0.000000000000000000e+00,5.623492980018082122e-16,3.004713386983218295e-14,1.393695757628642248e-03,4.105657443313464228e+01,0.000000000000000000e+00
0.000000000000000000e+00,0.000000000000000000e+00,-2.598381521446840668e-16,2.449398365500415017e-13,1.393695757628586737e-03,4.105657443318928301e+01,0.000000000000000000e+00
0.000000000000000000e+00,0.000000000000000000e+00,-1.706130806782860780e-15,3.343826709842171046e-14,1.393695757628783411e-03,4.105657443313391042e+01,0.000000000000000000e+00
0.000000000000000000e+00,0.000000000000000000e+00,3.857713410003138978e-16,-1.249477864368424876e-14,1.393695757628566354e-03,4.105657443318492739e+01,0.000000000000000000e+00
0.000000000000000000e+00,0.000000000000000000e+00,4.693245403220503671e-16,7.077760341548887204e-14,1.393695757628839790e-03,4.105657443313588573e+01,0.000000000000000000e+00
0.000000000000000000e+00,0.000000000000000000e+00,-2.249999201252164559e-16,1.151620772889507472e-13,1.393695757628522552e-03,4.105657443313349830e+01,0.000000000000000000e+00
0.000000000000000000e+00,0.000000000000000000e+00,-2.722718209101517723e-16,-4.984872116679265422e-14,1.393695757628795988e-03,4.105657443314254351e+01,0.000000000000000000e+00
0.000000000000000000e+00,0.000000000000000000e+00,6.687149720084139961e-16,1.790749497534644889e-14,1.393695757628659378e-03,4.105657443313432964e+01,0.000000000000000000e+00
0.000000000000000000e+00,0.000000000000000000e+00,2.146809888944038573e-15,1.813152401813498098e-13,1.393695757628558764e-03,4.105657443317928568e+01,0.000000000000000000e+00
0.000000000000000000e+00,0.000000000000000000e+00,-1.337990213651554927e-15,-8.017868610869820632e-14,1.393695757628659595e-03,4.105657443312932742e+01,0.000000000000000000e+00
0.000000000000000000e+00,0.000000000000000000e+00,3.235056921800128636e-16,-2.590862180047221431e-14,1.393695757628531009e-03,4.105657443318674638e+01,0.000000000000000000e+00
0.000000000000000000e+00,0.000000000000000000e+00,1.978103600257074070e-15,-6.401557620274773140e-15,1.393695757628785146e-03,4.105657443313774735e+01,0.000000000000000000e+00
0.000000000000000000e+00,0.000000000000000000e+00,-9.837809134855020547e-16,2.434198646395164014e-14,1.393695757628545754e-03,4.105657443313202037e+01,0.000000000000000000e+00
0.000000000000000000e+00,0.000000000000000000e+00,-5.126939424958760666e-16,-6.357970772078992221e-14,1.393695757628790133e-03,4.105657443314417776e+01,0.000000000000000000e+00
0.000000000000000000e+00,0.000000000000000000e+00,7.379409091760839406e-16,-9.093525783942575701e-14,1.393695757628571124e-03,4.105657443312708210e+01,0.000000000000000000e+00
0.000000000000000000e+00,0.000000000000000000e+00,-9.133790900645308727e-17,6.954209376290654346e-14,1.393695757628498483e-03,4.105657443318857247e+01,0.000000000000000000e+00
0.000000000000000000e+00,0.000000000000000000e+00,-6.262692948434502052e-16,-1.104429373541179521e-14,1.393695757628594543e-03,4.105657443318372657e+01,0.000000000000000000e+00
0.000000000000000000e+00,0.000000000000000000e+00,-1.250997981934494591e-15,-1.503212637557481501e-13,1.393695757628437767e-03,4.105657443313302224e+01,0.000000000000000000e+00
0.000000000000000000e+00,0.000000000000000000e+00,1.240561404979397941e-16,2.070786604017958902e-14,1.393695757628797723e-03,4.105657443308830068e+01,0.000000000000000000e+00
0.000000000000000000e+00,0.000000000000000000e+00,-1.353392259294756700e-16,3.671207596249898582e-14,1.393695757628741995e-03,4.105657443314098032e+01,0.000000000000000000e+00
0.000000000000000000e+00,0.000000000000000000e+00,-1.491583395445328992e-15,-2.396242380207797824e-14,1.393695757628467475e-03,4.105657443318243338e+01,0.000000000000000000e+00
0.000000000000000000e+00,0.000000000000000000e+00,1.919305352798316893e-16,5.973063772024756057e-15,1.393695757628338888e-03,4.105657443312630051e+01,0.000000000000000000e+00
0.000000000000000000e+00,0.000000000000000000e+00,8.872974873353194686e-16,7.720798408279647089e-14,1.393695757628624250e-03,4.105657443318209943e+01,0.000000000000000000e+00
0.000000000000000000e+00,0.000000000000000000e+00,-2.791814346506041083e-16,9.074186192590379018e-14,1.393695757628774304e-03,4.105657443313609889e+01,0.000000000000000000e+00
0.000000000000000000e+00,0.000000000000000000e+00,8.917750679855770864e-17,-7.598123073335806348e-15,1.393695757628415433e-03,4.105657443318577293e+01,0.000000000000000000e+00
0.000000000000000000e+00,0.000000000000000000e+00,8.347828659087311844e-16,-1.239239102360604098e-15,1.393695757628836537e-03,4.105657443313987187e+01,0.000000000000000000e+00
0.000000000000000000e+00,0.000000000000000000e+00,2.209310668389271735e-15,1.878442968853889996e-13,1.393695757628575461e-03,4.105657443314034794e+01,0.000000000000000000e+00
0.000000000000000000e+00,0.000000000000000000e+00,-1.657751437055080630e-16,-1.928646674415845915e-14,1.393695757628745030e-03,4.105657443313701549e+01,0.000000000000000000e+00
0.000000000000000000e+00,0.000000000000000000e+00,-1.137378546038076186e-16,-7.146018144879487578e-14,1.393695757628583267e-03,4.105657443313381094e+01,0.000000000000000000e+00
0.000000000000000000e+00,0.000000000000000000e+00,2.014332702426642288e-15,-9.289778957966145646e-16,1.393695757628509975e-03,4.105657443317830513e+01,0.000000000000000000e+00
0.000000000000000000e+00,0.000000000000000000e+00,-5.468226344256426001e-16,-2.853623968683438725e-14,1.393695757628591290e-03,4.105657443318091282e+01,0.000000000000000000e+00
0.000000000000000000e+00,0.000000000000000000e+00,-1.837286568530689518e-15,-1.298929280851387841e-13,1.393695757628500868e-03,4.105657443317912936e+01,0.000000000000000000e+00
0.000000000000000000e+00,0.000000000000000000e+00,5.581430469994275997e-16,-1.120638990320665043e-13,1.393695757628770834e-03,4.105657443313774024e+01,0.000000000000000000e+00
0.000000000000000000e+00,0.000000000000000000e+00,-3.889654942449526416e-16,9.497295473007778278e-15,1.393695757628772786e-03,4.105657443313535993e+01,0.000000000000000000e+00
0.000000000000000000e+00,0.000000000000000000e+00,-1.514495157157020378e-15,1.435632942121927882e-14,1.393695757628797072e-03,4.105657443313706523e+01,0.000000000000000000e+00
0.000000000000000000e+00,0.000000000000000000e+00,-2.125990068436689541e-15,-2.047630489492211907e-13,1.393695757628637477e-03,4.105657443313997845e+01,0.000000000000000000e+00
0.000000000000000000e+00,0.000000000000000000e+00,-3.707659387763044676e-17,2.741668673967650234e-14,1.393695757628581966e-03,4.105657443313612731e+01,0.000000000000000000e+00
0.000000000000000000e+00,0.000000000000000000e+00,4.224203644210836788e-16,1.391357218611737599e-13,1.393695757628563101e-03,4.105657443313289434e+01,0.000000000000000000e+00
0.000000000000000000e+00,0.000000000000000000e+00,-2.084866753925954919e-15,-1.149383599390377182e-14,1.393695757628563101e-03,4.105657443318060729e+01,0.000000000000000000e+00
0.000000000000000000e+00,0.000000000000000000e+00,5.092964572286461067e-16,4.178881197668829917e-14,1.393695757628524937e-03,4.105657443318096256e+01,0.000000000000000000e+00
0.000000000000000000e+00,0.000000000000000000e+00,1.174225868705004070e-15,6.288674291544476081e-14,1.393695757628476148e-03,4.105657443318730770e+01,0.000000000000000000e+00
0.000000000000000000e+00,0.000000000000000000e+00,-6.721927294633386997e-16,1.082654081333481597e-13,1.393695757628772569e-03,4.105657443313512545e+01,0.000000000000000000e+00
0.000000000000000000e+00,0.000000000000000000e+00,4.599762235708147038e-16,-2.278400563670348914e-15,1.393695757628808565e-03,4.105657443313860000e+01,0.000000000000000000e+00
0.000000000000000000e+00,0.000000000000000000e+00,8.066273767887699430e-16,-2.599937570668813161e-14,1.393695757628798807e-03,4.105657443308814436e+01,0.000000000000000000e+00
0.000000000000000000e+00,0.000000000000000000e+00,2.068407033698802099e-15,2.089264074189693241e-13,1.393695757628598880e-03,4.105657443313816657e+01,0.000000000000000000e+00
0.000000000000000000e+00,0.000000000000000000e+00,-9.207550929428701045e-17,-4.162727645481981834e-14,1.393695757628608855e-03,4.105657443313332067e+01,0.000000000000000000e+00
0.000000000000000000e+00,0.000000000000000000e+00,-5.669738718534503061e-16,-1.040524404241258134e-13,1.393695757628371197e-03,4.105657443313094035e+01,0.000000000000000000e+00
0.000000000000000000e+00,0.000000000000000000e+00,2.165606390364666691e-15,1.505723628891108636e-14,1.393695757628563535e-03,4.105657443318654742e+01,0.000000000000000000e+00
0.000000000000000000e+00,0.000000000000000000e+00,-1.077804857266417097e-15,-7.426973020791958283e-14,1.393695757628477232e-03,4.105657443317849697e+01,0.000000000000000000e+00
0.000000000000000000e+00,0.000000000000000000e+00,-2.400220469715397420e-16,1.625205388500854373e-14,1.393695757628455982e-03,4.105657443318168731e+01,0.000000000000000000e+00
0.000000000000000000e+00,0.000000000000000000e+00,9.425662034854489317e-16,-8.816703749973675854e-14,1.393695757628812251e-03,4.105657443313656785e+01,0.000000000000000000e+00
0.000000000000000000e+00,0.000000000000000000e+00,-8.659422081969126809e-16,1.360508018094337406e-14,1.393695757628759559e-03,4.105657443313761235e+01,0.000000000000000000e+00
0.000000000000000000e+00,0.000000000000000000e+00,-1.068647094760200534e-15,-4.239541608602199972e-14,1.393695757628762594e-03,4.105657443313671706e+01,0.000000000000000000e+00
0.000000000000000000e+00,0.000000000000000000e+00,-1.249451446909097778e-15,-1.644913909996539080e-13,1.393695757628569606e-03,4.105657443313062060e+01,0.000000000000000000e+00
0.000000000000000000e+00,0.000000000000000000e+00,3.450195671577909190e-16,9.151390297377008830e-14,1.393695757628596495e-03,4.105657443313746313e+01,0.000000000000000000e+00
0.000000000000000000e+00,0.000000000000000000e+00,-6.215243199252111555e-16,3.286085410346010086e-14,1.393695757628626202e-03,4.105657443314067478e+01,0.000000000000000000e+00
0.000000000000000000e+00,0.000000000000000000e+00,-1.598666189581704038e-15,-3.283374678484722969e-14,1.393695757628471595e-03,4.105657443318625610e+01,0.000000000000000000e+00
0.000000000000000000e+00,0.000000000000000000e+00,2.411107107670354882e-15,1.555655674736912929e-13,1.393695757628543802e-03,4.105657443317620192e+01,0.000000000000000000e+00
0.000000000000000000e+00,0.000000000000000000e+00,6.732673245249759488e-16,9.827826963862052946e-14,1.393695757628584785e-03,4.105657443318060729e+01,0.000000000000000000e+00
0.000000000000000000e+00,0.000000000000000000e+00,-9.177089883690818092e-16,4.752057446240798508e-14,1.393695757628782110e-03,4.105657443308599142e+01,0.000000000000000000e+00
0.000000000000000000e+00,0.000000000000000000e+00,1.856884203526881879e-15,-3.699494721157050163e-14,1.393695757628737658e-03,4.105657443313697286e+01,0.000000000000000000e+00
0.000000000000000000e+00,0.000000000000000000e+00,2.677747657232381505e-15,1.506959536235673021e-13,1.393695757628767365e-03,4.105657443314649413e+01,0.000000000000000000e+00
0.000000000000000000e+00,0.000000000000000000e+00,3.037809087078561534e-16,9.802903573983341770e-14,1.393695757628312217e-03,4.105657443313046429e+01,0.000000000000000000e+00
0.000000000000000000e+00,0.000000000000000000e+00,-8.839732241378452944e-16,-2.072753910793948029e-13,1.393695757628602349e-03,4.105657443313869948e+01,0.000000000000000000e+00
0.000000000000000000e+00,0.000000000000000000e+00,1.894751066073586916e-15,-5.477203266130105864e-14,1.393695757628605385e-03,4.105657443318246180e+01,0.000000000000000000e+00
0.000000000000000000e+00,0.000000000000000000e+00,8.290378482241592739e-16,4.396625538234160726e-14,1.393695757628430612e-03,4.105657443318274602e+01,0.000000000000000000e+00
0.000000000000000000e+00,0.000000000000000000e+00,-1.612328060036181959e-15,-6.781270692079875834e-14,1.393695757628509108e-03,4.105657443318310840e+01,0.000000000000000000e+00
0.000000000000000000e+00,0.000000000000000000e+00,-1.215708561802285316e-15,-2.355260246282102185e-13,1.393695757628747632e-03,4.105657443314125743e+01,0.000000000000000000e+00
0.000000000000000000e+00,0.000000000000000000e+00,5.662123792718161555e-16,-1.862517667628879683e-14,1.393695757628702963e-03,4.105657443313868527e+01,0.000000000000000000e+00
0.000000000000000000e+00,0.000000000000000000e+00,-9.669283808053881443e-16,4.719297411887395451e-14,1.393695757628756740e-03,4.105657443314295563e+01,0.000000000000000000e+00
0.000000000000000000e+00,0.000000000000000000e+00,-2.128178175000161061e-15,-7.874403871931386075e-14,1.393695757628628804e-03,4.105657443317812039e+01,0.000000000000000000e+00
0.000000000000000000e+00,0.000000000000000000e+00,-4.048966073928228446e-16,-7.356874468996711352e-14,1.393695757628575461e-03,4.105657443313697286e+01,0.000000000000000000e+00
0.000000000000000000e+00,0.000000000000000000e+00,8.677396180366866223e-17,8.277736275058237975e-14,1.393695757628644850e-03,4.105657443318195021e+01,0.000000000000000000e+00
0.000000000000000000e+00,0.000000000000000000e+00,-1.316574088076579685e-15,5.364062715608293939e-14,1.393695757628768666e-03,4.105657443313987187e+01,0.000000000000000000e+00
0.000000000000000000e+00,0.000000000000000000e+00,-1.975555424699930460e-15,-1.181651067662839085e-13,1.393695757628559632e-03,4.105657443318680322e+01,0.000000000000000000e+00
0.000000000000000000e+00,0.000000000000000000e+00,1.516046216371029548e-15,1.095756581832356243e-13,1.393695757628753487e-03,4.105657443313971555e+01,0.000000000000000000e+00
0.000000000000000000e+00,0.000000000000000000e+00,8.797222225719825902e-16,1.614204074031240699e-13,1.393695757628582617e-03,4.105657443318077071e+01,0.000000000000000000e+00
0.000000000000000000e+00,0.000000000000000000e+00,-1.450896554534396345e-15,3.607726781895685985e-14,1.393695757628773870e-03,4.105657443313890553e+01,0.000000000000000000e+00
0.000000000000000000e+00,0.000000000000000000e+00,6.102039030196029793e-16,-5.821899192413854915e-14,1.393695757628582834e-03,4.105657443318370525e+01,0.000000000000000000e+00
0.000000000000000000e+00,0.000000000000000000e+00,1.330784113192782923e-15,4.433559359113137485e-14,1.393695757628786881e-03,4.105657443313535282e+01,0.000000000000000000e+00
0.000000000000000000e+00,0.000000000000000000e+00,8.228531496421884454e-16,1.720769648000473074e-13,1.393695757628585436e-03,4.105657443318520450e+01,0.000000000000000000e+00
0.000000000000000000e+00,0.000000000000000000e+00,-2.705261332707311916e-16,-6.986994259569935818e-14,1.393695757628764112e-03,4.105657443313674548e+01,0.000000000000000000e+00
0.000000000000000000e+00,0.000000000000000000e+00,3.379337699437768108e-16,-6.626650945503463037e-14,1.393695757628586303e-03,4.105657443313735655e+01,0.000000000000000000e+00
0.000000000000000000e+00,0.000000000000000000e+00,4.584541673658757230e-15,2.831026462128850746e-13,1.393695757628786230e-03,4.105657443314224508e+01,0.000000000000000000e+00
0.000000000000000000e+00,0.000000000000000000e+00,-1.258167868719528552e-15,-7.601485478489246105e-14,1.393695757628581316e-03,4.105657443313204169e+01,0.000000000000000000e+00
0.000000000000000000e+00,0.000000000000000000e+00,2.249433790380626627e-16,-1.546269265376996383e-14,1.393695757628524504e-03,4.105657443318435895e+01,0.000000000000000000e+00
0.000000000000000000e+00,0.000000000000000000e+00,3.528745283105679180e-15,-5.699130891921892963e-14,1.393695757628639646e-03,4.105657443318402500e+01,0.000000000000000000e+00
0.000000000000000000e+00,0.000000000000000000e+00,-9.297906223471747205e-16,2.250568175637943273e-14,1.393695757628511493e-03,4.105657443313793209e+01,0.000000000000000000e+00
0.000000000000000000e+00,0.000000000000000000e+00,-5.420839136476398103e-17,-2.203715271032359061e-14,1.393695757628749150e-03,4.105657443313657495e+01,0.000000000000000000e+00
0.000000000000000000e+00,0.000000000000000000e+00,5.576881878039667702e-16,-2.306422011550607119e-13,1.393695757628777556e-03,4.105657443313636890e+01,0.000000000000000000e+00
0.000000000000000000e+00,0.000000000000000000e+00,5.160002890327313479e-16,1.094070104412601197e-13,1.393695757628526889e-03,4.105657443318675348e+01,0.000000000000000000e+00
0.000000000000000000e+00,0.000000000000000000e+00,-4.002175232495104777e-16,-2.657373476841576095e-14,1.393695757628581966e-03,4.105657443312896504e+01,0.000000000000000000e+00
0.000000000000000000e+00,0.000000000000000000e+00,-2.781294757050926937e-16,-7.757031043726826183e-14,1.393695757628614492e-03,4.105657443313155142e+01,0.000000000000000000e+00
0.000000000000000000e+00,0.000000000000000000e+00,2.912769605986544980e-15,1.803852136090744805e-13,1.393695757628800108e-03,4.105657443314080268e+01,0.000000000000000000e+00
0.000000000000000000e+00,0.000000000000000000e+00,-7.877631618560705214e-16,-2.895131255002856723e-14,1.393695757628485906e-03,4.105657443313751287e+01,0.000000000000000000e+00
0.000000000000000000e+00,0.000000000000000000e+00,3.532762055964510907e-15,1.997814617962833832e-13,1.393695757628482437e-03,4.105657443318422395e+01,0.000000000000000000e+00
0.000000000000000000e+00,0.000000000000000000e+00,2.185963842399175120e-15,-4.937200784675117907e-14,1.393695757628581533e-03,4.105657443312954058e+01,0.000000000000000000e+00
0.000000000000000000e+00,0.000000000000000000e+00,-4.407044975856817535e-16,2.565026024114747743e-14,1.393695757628528407e-03,4.105657443318578004e+01,0.000000000000000000e+00
0.000000000000000000e+00,0.000000000000000000e+00,2.507094729618763459e-15,-7.166091563627101041e-14,1.393695757628766281e-03,4.105657443314181165e+01,0.000000000000000000e+00
0.000000000000000000e+00,0.000000000000000000e+00,5.573213424547547909e-16,-1.223203693111828380e-13,1.393695757628525154e-03,4.105657443313932475e+01,0.000000000000000000e+00
0.000000000000000000e+00,0.000000000000000000e+00,5.206944795631938805e-16,7.300215620579544046e-14,1.393695757628768449e-03,4.105657443314468935e+01,0.000000000000000000e+00
0.000000000000000000e+00,0.000000000000000000e+00,1.597217134536085369e-16,-1.831919935355057813e-13,1.393695757628672172e-03,4.105657443313508281e+01,0.000000000000000000e+00
0.000000000000000000e+00,0.000000000000000000e+00,-2.459178171111954164e-16,-6.792798055957608954e-14,1.393695757628507156e-03,4.105657443318054334e+01,0.000000000000000000e+00
0.000000000000000000e+00,0.000000000000000000e+00,1.995071664360500431e-15,1.108256520751111259e-13,1.393695757628664366e-03,4.105657443318811772e+01,0.000000000000000000e+00
0.000000000000000000e+00,0.000000000000000000e+00,-3.691233105874676411e-16,-5.172703086847892211e-14,1.393695757628576112e-03,4.105657443313435806e+01,0.000000000000000000e+00
0.000000000000000000e+00,0.000000000000000000e+00,5.656684541664578767e-16,3.017794702877219418e-14,1.393695757628822009e-03,4.105657443313612731e+01,0.000000000000000000e+00
0.000000000000000000e+00,0.000000000000000000e+00,1.460097833850520005e-15,-3.118681394733327631e-14,1.393695757628862558e-03,4.105657443313863553e+01,0.000000000000000000e+00
0.000000000000000000e+00,0.000000000000000000e+00,2.772352686143367585e-15,1.704258426703704790e-13,1.393695757628533394e-03,4.105657443318911248e+01,0.000000000000000000e+00
0.000000000000000000e+00,0.000000000000000000e+00,-2.927539054831727302e-16,-5.185831778532928172e-14,1.393695757628578063e-03,4.105657443313246802e+01,0.000000000000000000e+00
0.000000000000000000e+00,0.000000000000000000e+00,-6.232317819253261178e-16,-1.511924086035084108e-13,1.393695757628584785e-03,4.105657443312585997e+01,0.000000000000000000e+00
0.000000000000000000e+00,0.000000000000000000e+00,2.070997596774740972e-15,-4.777529161339458822e-14,1.393695757628790567e-03,4.105657443314252220e+01,0.000000000000000000e+00
0.000000000000000000e+00,0.000000000000000000e+00,7.243377104867023988e-16,4.674887382249776753e-14,1.393695757628483304e-03,4.105657443312890820e+01,0.000000000000000000e+00
0.000000000000000000e+00,0.000000000000000000e+00,-4.017205487912006349e-15,-2.487832097562745357e-13,1.393695757628442321e-03,4.105657443312745869e+01,0.000000000000000000e+00
0.000000000000000000e+00,0.000000000000000000e+00,-1.105957975411023647e-15,-2.403697088652014279e-13,1.393695757628609722e-03,4.105657443317857513e+01,0.000000000000000000e+00
0.000000000000000000e+00,0.000000000000000000e+00,5.579483734366771898e-16,-1.110503261763837532e-14,1.393695757628462270e-03,4.105657443313958055e+01,0.000000000000000000e+00
0.000000000000000000e+00,0.000000000000000000e+00,-3.014826168786808469e-15,6.809162155395243608e-14,1.393695757628462704e-03,4.105657443313690891e+01,0.000000000000000000e+00
0.000000000000000000e+00,0.000000000000000000e+00,-2.134135554513193556e-15,-8.782160837189721433e-14,1.393695757628761293e-03,4.105657443313386068e+01,0.000000000000000000e+00
0.000000000000000000e+00,0.000000000000000000e+00,7.229186407125969333e-17,-3.776626132904214835e-14,1.393695757628510192e-03,4.105657443318234812e+01,0.000000000000000000e+00
0.000000000000000000e+00,0.000000000000000000e+00,-3.292658282327476866e-16,2.090805432540731277e-13,1.393695757628486123e-03,4.105657443318418842e+01,0.000000000000000000e+00
0.000000000000000000e+00,0.000000000000000000e+00,-1.265158578378675177e-15,6.366775203937506049e-14,1.393695757628597145e-03,4.105657443313724997e+01,0.000000000000000000e+00
0.000000000000000000e+00,0.000000000000000000e+00,-7.038622647649485880e-16,-5.933572129308561511e-14,1.393695757628766498e-03,4.105657443313821631e+01,0.000000000000000000e+00
0.000000000000000000e+00,0.000000000000000000e+00,1.494024647037332210e-15,1.478575701552740883e-13,1.393695757628746982e-03,4.105657443313640442e+01,0.000000000000000000e+00
0.000000000000000000e+00,0.000000000000000000e+00,1.311090078010208764e-15,1.955041954953275378e-13,1.393695757628580882e-03,4.105657443318881406e+01,0.000000000000000000e+00
0.000000000000000000e+00,0.000000000000000000e+00,-6.386351790143174510e-16,5.588710400160968622e-16,1.393695757628586954e-03,4.105657443317910804e+01,0.000000000000000000e+00
0.000000000000000000e+00,0.000000000000000000e+00,1.541079624791756750e-15,8.984016151278410132e-15,1.393695757628584568e-03,4.105657443313455701e+01,0.000000000000000000e+00
0.000000000000000000e+00,0.000000000000000000e+00,1.851272668855999553e-15,4.865069426641588555e-14,1.393695757628806396e-03,4.105657443313563704e+01,0.000000000000000000e+00
0.000000000000000000e+00,0.000000000000000000e+00,1.097073461029109642e-16,5.326858034158646538e-14,1.393695757628758908e-03,4.105657443313519650e+01,0.000000000000000000e+00
0.000000000000000000e+00,0.000000000000000000e+00,5.005707528406094603e-16,-7.972438007177448459e-14,1.393695757628450344e-03,4.105657443318779087e+01,0.000000000000000000e+00
0.000000000000000000e+00,0.000000000000000000e+00,8.885797033558521458e-16,-7.229870039303402916e-14,1.393695757628602132e-03,4.105657443313007349e+01,0.000000000000000000e+00
0.000000000000000000e+00,0.000000000000000000e+00,4.349609385329216507e-16,2.695544272089831649e-14,1.393695757628572209e-03,4.105657443313425148e+01,0.000000000000000000e+00
0.000000000000000000e+00,0.000000000000000000e+00,-4.644610414845339358e-16,-7.713575786480378753e-14,1.393695757628792302e-03,4.105657443313724286e+01,0.000000000000000000e+00
0.000000000000000000e+00,0.000000000000000000e+00,-1.429142974908834149e-15,-1.762374281893769507e-13,1.393695757628538165e-03,4.105657443313793209e+01,0.000000000000000000e+00
0.000000000000000000e+00,0.000000000000000000e+00,3.265696661257706387e-16,-7.361076875667127701e-15,1.393695757628527323e-03,4.105657443317771538e+01,0.000000000000000000e+00
0.000000000000000000e+00,0.000000000000000000e+00,-1.370951095943881068e-15,-7.007378378671866701e-14,1.393695757628602132e-03,4.105657443313363331e+01,0.000000000000000000e+00
0.000000000000000000e+00,0.000000000000000000e+00,-1.738208746905739766e-15,-3.017105053400247607e-14,1.393695757628588688e-03,4.105657443318534661e+01,0.000000000000000000e+00
0.000000000000000000e+00,0.000000000000000000e+00,-1.712168757554468971e-16,-3.765980358523085586e-14,1.393695757628750235e-03,4.105657443314153454e+01,0.000000000000000000e+00
0.000000000000000000e+00,0.000000000000000000e+00,-9.163576657916144152e-16,3.243149891238821992e-14,1.393695757628511927e-03,4.105657443312923505e+01,0.000000000000000000e+00
0.000000000000000000e+00,0.000000000000000000e+00,-7.166401971702344571e-16,7.749861724843417340e-14,1.393695757628779291e-03,4.105657443313245381e+01,0.000000000000000000e+00
0.000000000000000000e+00,0.000000000000000000e+00,-1.000757130071265339e-15,-6.243773708669882429e-14,1.393695757628553994e-03,4.105657443318119704e+01,0.000000000000000000e+00
0.000000000000000000e+00,0.000000000000000000e+00,-1.104026805810987466e-17,7.082603672768596017e-14,1.393695757628492628e-03,4.105657443313773314e+01,0.000000000000000000e+00
0.000000000000000000e+00,0.000000000000000000e+00,1.506249076772681033e-15,1.692175948168580472e-13,1.393695757628563969e-03,4.105657443312682631e+01,0.000000000000000000e+00
0.000000000000000000e+00,0.000000000000000000e+00,-7.545477750640321457e-16,1.667673739018708957e-14,1.393695757628753921e-03,4.105657443314268562e+01,0.000000000000000000e+00
0.000000000000000000e+00,0.000000000000000000e+00,5.342992592312851821e-16,4.452442920333868668e-14,1.393695757628520817e-03,4.105657443319218203e+01,0.000000000000000000e+00
0.000000000000000000e+00,0.000000000000000000e+00,1.706580143732679364e-15,2.155101513337371726e-14,1.393695757628523853e-03,4.105657443313410226e+01,0.000000000000000000e+00
0.000000000000000000e+00,0.000000000000000000e+00,-8.517906584775856092e-17,5.210206559237611433e-14,1.393695757628633791e-03,4.105657443318239075e+01,0.000000000000000000e+00
0.000000000000000000e+00,0.000000000000000000e+00,4.877483042577706321e-16,-1.966108178961947643e-15,1.393695757628838705e-03,4.105657443308892596e+01,0.000000000000000000e+00
0.000000000000000000e+00,0.000000000000000000e+00,6.423606236605050471e-16,-8.109263135245641132e-14,1.393695757628521034e-03,4.105657443318501265e+01,0.000000000000000000e+00
0.000000000000000000e+00,0.000000000000000000e+00,9.694585510682382078e-16,8.064373687210496031e-14,1.393695757628810950e-03,4.105657443313722865e+01,0.000000000000000000e+00
0.000000000000000000e+00,0.000000000000000000e+00,-8.934442660424359046e-17,-4.350574285952985968e-14,1.393695757628341057e-03,4.105657443312288990e+01,0.000000000000000000e+00
0.000000000000000000e+00,0.000000000000000000e+00,-1.564394423824693450e-15,-1.680867952132687314e-13,1.393695757628785363e-03,4.105657443314008503e+01,0.000000000000000000e+00
0.000000000000000000e+00,0.000000000000000000e+00,2.319056453016743836e-15,1.011101126426376381e-13,1.393695757628614276e-03,4.105657443312622945e+01,0.000000000000000000e+00
0.000000000000000000e+00,0.000000000000000000e+00,-1.124430560075882216e-15,-7.799352239096615508e-14,1.393695757628359271e-03,4.105657443312340149e+01,0.000000000000000000e+00
0.000000000000000000e+00,0.000000000000000000e+00,-1.714314848354455635e-15,-1.763171050118036410e-14,1.393695757628632056e-03,4.105657443312978927e+01,0.000000000000000000e+00
0.000000000000000000e+00,0.000000000000000000e+00,3.862378145073185583e-15,1.128738266556476636e-13,1.393695757628503036e-03,4.105657443313928923e+01,0.000000000000000000e+00
0.000000000000000000e+00,0.000000000000000000e+00,-3.763557596655162118e-16,4.887930696767289743e-14,1.393695757628414566e-03,4.105657443313329225e+01,0.000000000000000000e+00
0.000000000000000000e+00,0.000000000000000000e+00,-6.147928968589329229e-16,8.395076385773434999e-14,1.393695757628494580e-03,4.105657443312694710e+01,0.000000000000000000e+00
0.000000000000000000e+00,0.000000000000000000e+00,1.940162960056727594e-15,-1.437885346546758522e-13,1.393695757628569823e-03,4.105657443318688848e+01,0.000000000000000000e+00
0.000000000000000000e+00,0.000000000000000000e+00,3.317009655794577285e-15,2.295344090252595685e-13,1.393695757628478750e-03,4.105657443318941091e+01,0.000000000000000000e+00
0.000000000000000000e+00,0.000000000000000000e+00,2.126735744169539993e-16,6.605513405212419596e-14,1.393695757628491327e-03,4.105657443313094745e+01,0.000000000000000000e+00
0.000000000000000000e+00,0.000000000000000000e+00,-5.466237198944768539e-16,-1.965342232232396339e-13,1.393695757628783194e-03,4.105657443313586441e+01,0.000000000000000000e+00
0.000000000000000000e+00,0.000000000000000000e+00,2.672310175092124556e-15,-4.127225151603355904e-14,1.393695757628809215e-03,4.105657443308737697e+01,0.000000000000000000e+00
0.000000000000000000e+00,0.000000000000000000e+00,-3.183958867958111228e-15,-1.452121438066133486e-13,1.393695757628491761e-03,4.105657443317896593e+01,0.000000000000000000e+00
0.000000000000000000e+00,0.000000000000000000e+00,-7.717199846032290442e-16,-3.043734774703110647e-14,1.393695757628555945e-03,4.105657443313513966e+01,0.000000000000000000e+00
0.000000000000000000e+00,0.000000000000000000e+00,4.366545984086666565e-16,-1.734947230705797916e-13,1.393695757628339972e-03,4.105657443313391042e+01,0.000000000000000000e+00
0.000000000000000000e+00,0.000000000000000000e+00,-1.995177634029343182e-15,8.618952436645709822e-14,1.393695757628752837e-03,4.105657443313602073e+01,0.000000000000000000e+00
0.000000000000000000e+00,0.000000000000000000e+00,2.889065748129134521e-15,2.126126400779686330e-13,1.393695757628508241e-03,4.105657443318943933e+01,0.000000000000000000e+00
0.000000000000000000e+00,0.000000000000000000e+00,-1.193883317598153801e-15,-1.317374206499568504e-13,1.393695757628490026e-03,4.105657443318637689e+01,0.000000000000000000e+00
0.000000000000000000e+00,0.000000000000000000e+00,-3.750366222721086285e-16,1.217622157231003136e-13,1.393695757628598663e-03,4.105657443313298671e+01,0.000000000000000000e+00
0.000000000000000000e+00,0.000000000000000000e+00,2.423840511994026848e-15,-2.807849548558760102e-14,1.393695757628798373e-03,4.105657443313169352e+01,0.000000000000000000e+00
0.000000000000000000e+00,0.000000000000000000e+00,-1.334551797531845559e-15,-1.560126005449057158e-14,1.393695757628769967e-03,4.105657443314007793e+01,0.000000000000000000e+00
0.000000000000000000e+00,0.000000000000000000e+00,8.186487603723331046e-16,9.625197259678795869e-14,1.393695757628512577e-03,4.105657443313786814e+01,0.000000000000000000e+00
0.000000000000000000e+00,0.000000000000000000e+00,7.807250502246956607e-16,-1.218690498988023196e-13,1.393695757628506506e-03,4.105657443312995269e+01,0.000000000000000000e+00
0.000000000000000000e+00,0.000000000000000000e+00,-1.421937229283708178e-16,8.942836526944074473e-14,1.393695757628600181e-03,4.105657443318425948e+01,0.000000000000000000e+00
0.000000000000000000e+00,0.000000000000000000e+00,9.600185133363103360e-16,1.436788948872563874e-14,1.393695757628536864e-03,4.105657443317219446e+01,0.000000000000000000e+00
0.000000000000000000e+00,0.000000000000000000e+00,-1.643050793419242850e-15,-1.842661458196990684e-13,1.393695757628530792e-03,4.105657443314640176e+01,0.000000000000000000e+00
0.000000000000000000e+00,0.000000000000000000e+00,6.386458891505868068e-16,6.331719006881143085e-14,1.393695757628799240e-03,4.105657443314124322e+01,0.000000000000000000e+00
0.000000000000000000e+00,0.000000000000000000e+00,1.602472434530185891e-16,-5.989237128161674830e-14,1.393695757628756523e-03,4.105657443313987187e+01,0.000000000000000000e+00
0.000000000000000000e+00,0.000000000000000000e+00,-1.859146490022656171e-15,-2.330977124505917392e-14,1.393695757628541851e-03,4.105657443312554022e+01,0.000000000000000000e+00
0.000000000000000000e+00,0.000000000000000000e+00,4.906682480137335985e-16,-6.336466939970013774e-15,1.393695757628640947e-03,4.105657443312835397e+01,0.000000000000000000e+00
0.000000000000000000e+00,0.000000000000000000e+00,-1.465227425508192101e-15,-1.226841794262713268e-13,1.393695757628584568e-03,4.105657443318806088e+01,0.000000000000000000e+00
0.000000000000000000e+00,0.000000000000000000e+00,-6.985131381049531823e-16,8.844631021873980697e-14,1.393695757628466824e-03,4.105657443312824029e+01,0.000000000000000000e+00
0.000000000000000000e+00,0.000000000000000000e+00,-8.758768644011343879e-16,-8.767858682943837095e-14,1.393695757628534478e-03,4.105657443313054245e+01,0.000000000000000000e+00
0.000000000000000000e+00,0.000000000000000000e+00,-1.341994873452363816e-15,5.030076794825461041e-15,1.393695757628794253e-03,4.105657443313666022e+01,0.000000000000000000e+00
0.000000000000000000e+00,0.000000000000000000e+00,1.706029062405905466e-15,1.831540910296996502e-13,1.393695757628474413e-03,4.105657443313208432e+01,0.000000000000000000e+00
0.000000000000000000e+00,0.000000000000000000e+00,-9.110247641377177302e-16,-5.884818371529132259e-15,1.393695757628464656e-03,4.105657443319138622e+01,0.000000000000000000e+00
0.000000000000000000e+00,0.000000000000000000e+00,-3.383777309378813673e-16,7.739455507164976770e-14,1.393695757628615360e-03,4.105657443313172195e+01,0.000000000000000000e+00
0.000000000000000000e+00,0.000000000000000000e+00,1.868379467934790054e-15,1.913459944827989181e-14,1.393695757628493495e-03,4.105657443317966226e+01,0.000000000000000000e+00
0.000000000000000000e+00,0.000000000000000000e+00,-9.248602138970393986e-18,6.777297328463990856e-14,1.393695757628807914e-03,4.105657443308449928e+01,0.000000000000000000e+00
0.000000000000000000e+00,0.000000000000000000e+00,1.463142079427842111e-15,1.374826917981019246e-13,1.393695757628530358e-03,4.105657443313845079e+01,0.000000000000000000e+00
0.000000000000000000e+00,0.000000000000000000e+00,6.694243962991946840e-16,-9.154601024667979400e-14,1.393695757628729201e-03,4.105657443313490518e+01,0.000000000000000000e+00
0.000000000000000000e+00,0.000000000000000000e+00,1.708280399358177393e-15,1.295228781934968634e-13,1.393695757628333684e-03,4.105657443312879451e+01,0.000000000000000000e+00
0.000000000000000000e+00,0.000000000000000000e+00,1.453694396792424662e-15,4.260677691707538402e-15,1.393695757628552259e-03,4.105657443318475686e+01,0.000000000000000000e+00
0.000000000000000000e+00,0.000000000000000000e+00,-1.759985607812369819e-15,-1.850994840083851809e-13,1.393695757628553560e-03,4.105657443313722155e+01,0.000000000000000000e+00
0.000000000000000000e+00,0.000000000000000000e+00,1.462080969911099624e-15,-1.424229480275092331e-14,1.393695757628446007e-03,4.105657443318531818e+01,0.000000000000000000e+00
0.000000000000000000e+00,0.000000000000000000e+00,-7.977416158644528378e-17,-1.153824892329509121e-13,1.393695757628829815e-03,4.105657443314282773e+01,0.000000000000000000e+00
0.000000000000000000e+00,0.000000000000000000e+00,-1.821081898240329447e-15,-1.755987734110082361e-14,1.393695757628569390e-03,4.105657443318396105e+01,0.000000000000000000e+00
0.000000000000000000e+00,0.000000000000000000e+00,3.021738176034679729e-16,-8.975273475372109875e-14,1.393695757628768666e-03,4.105657443313604915e+01,0.000000000000000000e+00
0.000000000000000000e+00,0.000000000000000000e+00,-8.978553109434506399e-16,-6.712387277438334403e-14,1.393695757628646585e-03,4.105657443317879540e+01,0.000000000000000000e+00
0.000000000000000000e+00,0.000000000000000000e+00,7.434461831187473682e-17,1.330654102931141192e-13,1.393695757628805095e-03,4.105657443313500465e+01,0.000000000000000000e+00
0.000000000000000000e+00,0.000000000000000000e+00,-1.686947372081576351e-15,-1.519002123623053872e-13,1.393695757628618179e-03,4.105657443313012323e+01,0.000000000000000000e+00
0.000000000000000000e+00,0.000000000000000000e+00,-1.139250560771968653e-15,-1.975221145346989194e-14,1.393695757628771702e-03,4.105657443313375410e+01,0.000000000000000000e+00
0.000000000000000000e+00,0.000000000000000000e+00,-3.158586201396321480e-17,5.056281261459313752e-15,1.393695757628596495e-03,4.105657443312755106e+01,0.000000000000000000e+00
0.000000000000000000e+00,0.000000000000000000e+00,-6.846064302665209437e-16,6.215843681942133989e-14,1.393695757628530792e-03,4.105657443313747734e+01,0.000000000000000000e+00
0.000000000000000000e+00,0.000000000000000000e+00,-8.313922696689714539e-16,2.399226128047279634e-14,1.393695757628540983e-03,4.105657443313340593e+01,0.000000000000000000e+00
0.000000000000000000e+00,0.000000000000000000e+00,1.572286735498297354e-17,3.716190585825223486e-15,1.393695757628506723e-03,4.105657443313378252e+01,0.000000000000000000e+00
0.000000000000000000e+00,0.000000000000000000e+00,-1.574686232512842501e-15,-3.537093162313364380e-14,1.393695757628519950e-03,4.105657443318387578e+01,0.000000000000000000e+00
0.000000000000000000e+00,0.000000000000000000e+00,-3.224390907999653408e-17,6.178229635390887006e-14,1.393695757628503904e-03,4.105657443318059308e+01,0.000000000000000000e+00
0.000000000000000000e+00,0.000000000000000000e+00,-3.653486898895795791e-15,-1.386446904433522276e-13,1.393695757628519733e-03,4.105657443319007882e+01,0.000000000000000000e+00
0.000000000000000000e+00,0.000000000000000000e+00,-8.344325961440812815e-16,5.150507971831333530e-14,1.393695757628751536e-03,4.105657443313101851e+01,0.000000000000000000e+00
0.000000000000000000e+00,0.000000000000000000e+00,1.175340288913670722e-15,9.181152307289861026e-14,1.393695757628762161e-03,4.105657443313358357e+01,0.000000000000000000e+00
0.000000000000000000e+00,0.000000000000000000e+00,-2.281327063117777162e-15,9.029862985489260665e-14,1.393695757628804445e-03,4.105657443308770382e+01,0.000000000000000000e+00
0.000000000000000000e+00,0.000000000000000000e+00,7.755609563262795459e-16,1.195201924756229406e-13,1.393695757628553994e-03,4.105657443313300803e+01,0.000000000000000000e+00
0.000000000000000000e+00,0.000000000000000000e+00,1.026408649262892802e-15,-8.127186924961636110e-15,1.393695757628550091e-03,4.105657443313224775e+01,0.000000000000000000e+00
0.000000000000000000e+00,0.000000000000000000e+00,4.504015289932692247e-17,1.822520666475001865e-13,1.393695757628303110e-03,4.105657443313047850e+01,0.000000000000000000e+00
0.000000000000000000e+00,0.000000000000000000e+00,3.671071773168685824e-16,-1.992779852844954159e-14,1.393695757628491110e-03,4.105657443318015254e+01,0.000000000000000000e+00
0.000000000000000000e+00,0.000000000000000000e+00,-2.615413586448234512e-16,-9.718333817025576045e-14,1.393695757628507156e-03,4.105657443317856092e+01,0.000000000000000000e+00
0.000000000000000000e+00,0.000000000000000000e+00,1.395486576725364571e-15,1.105066131351757951e-13,1.393695757628418902e-03,4.105657443319078936e+01,0.000000000000000000e+00
0.000000000000000000e+00,0.000000000000000000e+00,-3.556934656444853126e-15,-2.318545229998695074e-13,1.393695757628755872e-03,4.105657443313676680e+01,0.000000000000000000e+00
0.000000000000000000e+00,0.000000000000000000e+00,-1.199354034104091574e-16,3.191832120389503279e-15,1.393695757628747199e-03,4.105657443314473909e+01,0.000000000000000000e+00
0.000000000000000000e+00,0.000000000000000000e+00,1.230028583374399509e-15,-8.720411542948368969e-15,1.393695757628788182e-03,4.105657443308386689e+01,0.000000000000000000e+00
0.000000000000000000e+00,0.000000000000000000e+00,-2.812303302928726339e-15,3.791635215858193546e-14,1.393695757628627720e-03,4.105657443314147059e+01,0.000000000000000000e+00
0.000000000000000000e+00,0.000000000000000000e+00,-9.935365909230345006e-16,-4.786820367876392795e-14,1.393695757628632924e-03,4.105657443317752353e+01,0.000000000000000000e+00
0.000000000000000000e+00,0.000000000000000000e+00,-2.946461386037215918e-16,-1.150244913323798192e-13,1.393695757628309181e-03,4.105657443312970400e+01,0.000000000000000000e+00
0.000000000000000000e+00,0.000000000000000000e+00,-5.013976797109655513e-16,1.791622512815445034e-13,1.393695757628554428e-03,4.105657443317872435e+01,0.000000000000000000e+00
0.000000000000000000e+00,0.000000000000000000e+00,7.751958853397089522e-16,9.121952900028938376e-14,1.393695757628779725e-03,4.105657443313484833e+01,0.000000000000000000e+00
0.000000000000000000e+00,0.000000000000000000e+00,-9.554288526979242504e-16,-5.500931976843685466e-14,1.393695757628433214e-03,4.105657443318099098e+01,0.000000000000000000e+00
0.000000000000000000e+00,0.000000000000000000e+00,1.803685040986150713e-16,6.263610118150552220e-14,1.393695757628790350e-03,4.105657443314044031e+01,0.000000000000000000e+00
0.000000000000000000e+00,0.000000000000000000e+00,9.096423031530682678e-16,1.365268672848007131e-14,1.393695757628545103e-03,4.105657443313130983e+01,0.000000000000000000e+00
0.000000000000000000e+00,0.000000000000000000e+00,-6.854657541233861572e-16,1.877368721728112195e-14,1.393695757628741561e-03,4.105657443313896948e+01,0.000000000000000000e+00
0.000000000000000000e+00,0.000000000000000000e+00,4.531470050985971846e-16,2.433559434122712825e-14,1.393695757628599097e-03,4.105657443318880695e+01,0.000000000000000000e+00
0.000000000000000000e+00,0.000000000000000000e+00,3.588226850496609542e-16,-4.188135931087541191e-14,1.393695757628516697e-03,4.105657443314044031e+01,0.000000000000000000e+00
0.000000000000000000e+00,0.000000000000000000e+00,4.206190699185839725e-16,8.373697698834921851e-14,1.393695757628582183e-03,4.105657443318368394e+01,0.000000000000000000e+00
0.000000000000000000e+00,0.000000000000000000e+00,3.117941414490809098e-16,-9.991978678708376493e-15,1.393695757628793819e-03,4.105657443308200527e+01,0.000000000000000000e+00
0.000000000000000000e+00,0.000000000000000000e+00,-2.170971435600501718e-16,-4.582704829771154938e-14,1.393695757628532093e-03,4.105657443318126099e+01,0.000000000000000000e+00
0.000000000000000000e+00,0.000000000000000000e+00,2.236852320153087163e-15,1.366728227740928955e-13,1.393695757628808998e-03,4.105657443313608468e+01,0.000000000000000000e+00
0.000000000000000000e+00,0.000000000000000000e+00,-2.180925647909273478e-16,-4.013886313137805267e-14,1.393695757628297905e-03,4.105657443312479415e+01,0.000000000000000000e+00
0.000000000000000000e+00,0.000000000000000000e+00,-4.086298237440325906e-16,-1.639782538940693447e-14,1.393695757628781676e-03,4.105657443313478439e+01,0.000000000000000000e+00
0.000000000000000000e+00,0.000000000000000000e+00,1.664641023259027153e-15,-3.906424346980250165e-14,1.393695757628625551e-03,4.105657443312955479e+01,0.000000000000000000e+00
0.000000000000000000e+00,0.000000000000000000e+00,-3.657496625514085257e-16,-1.281595732817133659e-14,1.393695757628370547e-03,4.105657443318246180e+01,0.000000000000000000e+00
0.000000000000000000e+00,0.000000000000000000e+00,-2.576977873319752211e-16,1.098205151171025909e-14,1.393695757628577846e-03,4.105657443313064903e+01,0.000000000000000000e+00
0.000000000000000000e+00,0.000000000000000000e+00,-9.011745763723874037e-16,-1.941418522153217813e-13,1.393695757628502603e-03,4.105657443314008503e+01,0.000000000000000000e+00
0.000000000000000000e+00,0.000000000000000000e+00,-1.963571759013060908e-16,1.245622088441530826e-14,1.393695757628743079e-03,4.105657443308430032e+01,0.000000000000000000e+00
0.000000000000000000e+00,0.000000000000000000e+00,2.019866138499915935e-16,3.483996185866802126e-14,1.393695757628492194e-03,4.105657443318315103e+01,0.000000000000000000e+00
0.000000000000000000e+00,0.000000000000000000e+00,-1.538924820409678431e-15,-6.027254683391934079e-14,1.393695757628524720e-03,4.105657443317604560e+01,0.000000000000000000e+00
0.000000000000000000e+00,0.000000000000000000e+00,2.571184573913741557e-16,3.432992676355990630e-14,1.393695757628311566e-03,4.105657443313390331e+01,0.000000000000000000e+00
0.000000000000000000e+00,0.000000000000000000e+00,9.208719491408124969e-16,5.401832910472117560e-14,1.393695757628761510e-03,4.105657443313082666e+01,0.000000000000000000e+00
0.000000000000000000e+00,0.000000000000000000e+00,-8.891210887582358467e-16,4.780533249681402239e-14,1.393695757628773653e-03,4.105657443313836552e+01,0.000000000000000000e+00
0.000000000000000000e+00,0.000000000000000000e+00,1.045987727244661184e-16,-8.596396895005479808e-15,1.393695757628473980e-03,4.105657443318849431e+01,0.000000000000000000e+00
0.000000000000000000e+00,0.000000000000000000e+00,6.682503983996310667e-16,-1.747548674265787443e-14,1.393695757628592808e-03,4.105657443314206745e+01,0.000000000000000000e+00
0.000000000000000000e+00,0.000000000000000000e+00,9.778162916384217567e-16,1.417156485570452066e-13,1.393695757628606252e-03,4.105657443312733079e+01,0.000000000000000000e+00
0.000000000000000000e+00,0.000000000000000000e+00,-1.130739059735576665e-15,-7.420789273864398364e-14,1.393695757628779942e-03,4.105657443308855648e+01,0.000000000000000000e+00
0.000000000000000000e+00,0.000000000000000000e+00,-3.948200820816252613e-16,-8.046722869232823978e-14,1.393695757628576112e-03,4.105657443318065702e+01,0.000000000000000000e+00
0.000000000000000000e+00,0.000000000000000000e+00,1.249048896046917477e-15,2.982046546214568984e-14,1.393695757628471595e-03,4.105657443313124588e+01,0.000000000000000000e+00
0.000000000000000000e+00,0.000000000000000000e+00,-8.803255605498129368e-16,1.657318673087659290e-14,1.393695757628294436e-03,4.105657443313249644e+01,0.000000000000000000e+00
0.000000000000000000e+00,0.000000000000000000e+00,-6.318438685992984992e-16,-2.440310553916322197e-14,1.393695757628795554e-03,4.105657443313605626e+01,0.000000000000000000e+00
0.000000000000000000e+00,0.000000000000000000e+00,5.767291495931699960e-16,-5.064229935877294447e-14,1.393695757628508457e-03,4.105657443319323363e+01,0.000000000000000000e+00
0.000000000000000000e+00,0.000000000000000000e+00,4.012846952443407191e-16,9.690385991539600111e-14,1.393695757628461403e-03,4.105657443318826694e+01,0.000000000000000000e+00
0.000000000000000000e+00,0.000000000000000000e+00,4.042472452987821669e-15,2.247090364343454569e-13,1.393695757628635743e-03,4.105657443313562283e+01,0.000000000000000000e+00
0.000000000000000000e+00,0.000000000000000000e+00,-9.960818858899170066e-16,-1.196320931613907042e-13,1.393695757628853451e-03,4.105657443309357291e+01,0.000000000000000000e+00
0.000000000000000000e+00,0.000000000000000000e+00,1.742370067494257623e-16,-9.466775764530708567e-15,1.393695757628753921e-03,4.105657443308879095e+01,0.000000000000000000e+00
0.000000000000000000e+00,0.000000000000000000e+00,2.839251403164234570e-15,-8.441648833892322963e-14,1.393695757628532960e-03,4.105657443317669220e+01,0.000000000000000000e+00
0.000000000000000000e+00,0.000000000000000000e+00,-3.311123591465844961e-15,-1.738947817012073217e-13,1.393695757628368379e-03,4.105657443312784238e+01,0.000000000000000000e+00
0.000000000000000000e+00,0.000000000000000000e+00,-2.956984979535831157e-15,-1.832648219930506493e-13,1.393695757628330865e-03,4.105657443312922794e+01,0.000000000000000000e+00
0.000000000000000000e+00,0.000000000000000000e+00,6.000445113953178031e-16,-1.693477043965763711e-13,1.393695757628734839e-03,4.105657443313783972e+01,0.000000000000000000e+00
0.000000000000000000e+00,0.000000000000000000e+00,-2.248489472751581227e-15,7.544401448026594215e-14,1.393695757628429528e-03,4.105657443318778377e+01,0.000000000000000000e+00
0.000000000000000000e+00,0.000000000000000000e+00,-2.220219226159657633e-15,5.003380277315119414e-14,1.393695757628442972e-03,4.105657443318692401e+01,0.000000000000000000e+00
0.000000000000000000e+00,0.000000000000000000e+00,-2.205157748230934192e-15,-2.160304477221026647e-13,1.393695757628566788e-03,4.105657443318352762e+01,0.000000000000000000e+00
0.000000000000000000e+00,0.000000000000000000e+00,-5.845643422381867133e-17,1.712244730164919363e-13,1.393695757628758908e-03,4.105657443313322830e+01,0.000000000000000000e+00
0.000000000000000000e+00,0.000000000000000000e+00,-2.433257988337403647e-16,1.539050155120115893e-13,1.393695757628815503e-03,4.105657443308373189e+01,0.000000000000000000e+00
0.000000000000000000e+00,0.000000000000000000e+00,-2.257878953235345874e-15,-1.189307982297419929e-14,1.393695757628788832e-03,4.105657443313914001e+01,0.000000000000000000e+00
0.000000000000000000e+00,0.000000000000000000e+00,3.161842704032795419e-15,2.465271965680691994e-13,1.393695757628583484e-03,4.105657443313298671e+01,0.000000000000000000e+00
0.000000000000000000e+00,0.000000000000000000e+00,1.099490362253140158e-15,1.088912288520096216e-13,1.393695757628325227e-03,4.105657443313410937e+01,0.000000000000000000e+00
0.000000000000000000e+00,0.000000000000000000e+00,-7.237666607678509111e-16,1.175936315308383523e-13,1.393695757628599747e-03,4.105657443312966848e+01,0.000000000000000000e+00
0.000000000000000000e+00,0.000000000000000000e+00,2.757706482562530874e-15,-2.214835149029753703e-14,1.393695757628506072e-03,4.105657443313350541e+01,0.000000000000000000e+00
0.000000000000000000e+00,0.000000000000000000e+00,1.134719629022217256e-15,6.660619162023468356e-15,1.393695757628423022e-03,4.105657443318833089e+01,0.000000000000000000e+00
0.000000000000000000e+00,0.000000000000000000e+00,2.245931775564474813e-15,2.263979880651728187e-13,1.393695757628531009e-03,4.105657443313439359e+01,0.000000000000000000e+00
0.000000000000000000e+00,0.000000000000000000e+00,9.480642829741599192e-16,-1.335990546105793881e-13,1.393695757628543802e-03,4.105657443318920485e+01,0.000000000000000000e+00
0.000000000000000000e+00,0.000000000000000000e+00,-8.125285394121965451e-19,-8.535847148757165668e-14,1.393695757628778641e-03,4.105657443308527377e+01,0.000000000000000000e+00
0.000000000000000000e+00,0.000000000000000000e+00,2.347983899721878442e-15,1.606440279982783818e-14,1.393695757628535129e-03,4.105657443318349920e+01,0.000000000000000000e+00
0.000000000000000000e+00,0.000000000000000000e+00,-1.816028747520548127e-15,-2.096124894407924289e-13,1.393695757628810082e-03,4.105657443308324162e+01,0.000000000000000000e+00
0.000000000000000000e+00,0.000000000000000000e+00,-2.155178495168183490e-15,-1.624573080650475784e-13,1.393695757628270583e-03,4.105657443312563970e+01,0.000000000000000000e+00
0.000000000000000000e+00,0.000000000000000000e+00,7.806989399883166136e-16,-1.199944057205369528e-13,1.393695757628784062e-03,4.105657443314372301e+01,0.000000000000000000e+00
0.000000000000000000e+00,0.000000000000000000e+00,-2.099998496271910888e-15,-2.945108087322847277e-14,1.393695757628287497e-03,4.105657443312721000e+01,0.000000000000000000e+00
0.000000000000000000e+00,0.000000000000000000e+00,-1.838120708816166940e-15,1.163292950537668302e-14,1.393695757628388545e-03,4.105657443318303024e+01,0.000000000000000000e+00
0.000000000000000000e+00,0.000000000000000000e+00,-2.296374777181333531e-15,-2.345404674875356802e-13,1.393695757628627720e-03,4.105657443319119437e+01,0.000000000000000000e+00
0.000000000000000000e+00,0.000000000000000000e+00,-8.126901920556888498e-16,9.796910401690716513e-14,1.393695757628357753e-03,4.105657443318155941e+01,0.000000000000000000e+00
0.000000000000000000e+00,0.000000000000000000e+00,-4.274836848184218443e-16,1.089476744214890203e-13,1.393695757628727249e-03,4.105657443313402410e+01,0.000000000000000000e+00
0.000000000000000000e+00,0.000000000000000000e+00,-2.423919027010828071e-15,-1.832099732558456230e-14,1.393695757628884242e-03,4.105657443308246002e+01,0.000000000000000000e+00
0.000000000000000000e+00,0.000000000000000000e+00,1.893956416063548552e-15,2.061281430511715904e-13,1.393695757628708384e-03,4.105657443313521782e+01,0.000000000000000000e+00
0.000000000000000000e+00,0.000000000000000000e+00,2.054333918021931358e-15,1.894540481954672052e-13,1.393695757628566788e-03,4.105657443312314570e+01,0.000000000000000000e+00
0.000000000000000000e+00,0.000000000000000000e+00,-8.191272570374015729e-16,1.227980834798367649e-13,1.393695757628334118e-03,4.105657443318179389e+01,0.000000000000000000e+00
0.000000000000000000e+00,0.000000000000000000e+00,2.002054153842036109e-15,2.247761464832835441e-14,1.393695757628548139e-03,4.105657443313013744e+01,0.000000000000000000e+00
0.000000000000000000e+00,0.000000000000000000e+00,1.963281834205107750e-15,6.767388634404731826e-15,1.393695757628462921e-03,4.105657443313245381e+01,0.000000000000000000e+00
0.000000000000000000e+00,0.000000000000000000e+00,2.352227936712773161e-15,2.417063227146910471e-13,1.393695757628753053e-03,4.105657443313570099e+01,0.000000000000000000e+00
0.000000000000000000e+00,0.000000000000000000e+00,7.322968576445191810e-16,-9.687181803339394226e-14,1.393695757628488074e-03,4.105657443313228327e+01,0.000000000000000000e+00
0.000000000000000000e+00,0.000000000000000000e+00,-2.316045688163606284e-16,-1.554147792446445684e-13,1.393695757628483087e-03,4.105657443318626321e+01,0.000000000000000000e+00
0.000000000000000000e+00,0.000000000000000000e+00,2.399216376451114197e-15,2.053749518244686333e-14,1.393695757628558331e-03,4.105657443313084087e+01,0.000000000000000000e+00
0.000000000000000000e+00,0.000000000000000000e+00,-1.864980568398360006e-15,-1.978660578986156312e-13,1.393695757628509325e-03,4.105657443318889932e+01,0.000000000000000000e+00
0.000000000000000000e+00,0.000000000000000000e+00,-4.388763710507280228e-17,-9.075124338746078615e-16,1.393695757628761727e-03,4.105657443313121746e+01,0.000000000000000000e+00
0.000000000000000000e+00,0.000000000000000000e+00,1.067778346207118182e-15,-9.568781017992690127e-14,1.393695757628511276e-03,4.105657443313785393e+01,0.000000000000000000e+00
0.000000000000000000e+00,0.000000000000000000e+00,-2.024606861671101791e-15,-1.945873604035262108e-14,1.393695757628805095e-03,4.105657443314159849e+01,0.000000000000000000e+00
0.000000000000000000e+00,0.000000000000000000e+00,4.830613061284385518e-15,2.701152316931821957e-13,1.393695757628532744e-03,4.105657443313310750e+01,0.000000000000000000e+00
0.000000000000000000e+00,0.000000000000000000e+00,-4.264345738836160512e-16,-1.184267835117740410e-13,1.393695757628506723e-03,4.105657443318398236e+01,0.000000000000000000e+00
0.000000000000000000e+00,0.000000000000000000e+00,-7.157188805318435405e-16,9.999180743920442560e-14,1.393695757628624033e-03,4.105657443313303645e+01,0.000000000000000000e+00
0.000000000000000000e+00,0.000000000000000000e+00,3.546135616768966615e-15,-7.459516782440489319e-14,1.393695757628540983e-03,4.105657443318856537e+01,0.000000000000000000e+00
0.000000000000000000e+00,0.000000000000000000e+00,-2.136039680764120210e-15,-1.315224891596744884e-13,1.393695757628812468e-03,4.105657443313391042e+01,0.000000000000000000e+00
0.000000000000000000e+00,0.000000000000000000e+00,1.920673329890401878e-15,2.008848371126935938e-13,1.393695757628546188e-03,4.105657443313530308e+01,0.000000000000000000e+00
0.000000000000000000e+00,0.000000000000000000e+00,9.376574968713802058e-16,-1.955944854033606324e-13,1.393695757628838705e-03,4.105657443312676946e+01,0.000000000000000000e+00
0.000000000000000000e+00,0.000000000000000000e+00,-1.597276020460934306e-15,3.667783087200399275e-14,1.393695757628595844e-03,4.105657443313312172e+01,0.000000000000000000e+00
0.000000000000000000e+00,0.000000000000000000e+00,1.980546424004471402e-15,1.858800205593483837e-14,1.393695757628479401e-03,4.105657443318375499e+01,0.000000000000000000e+00
0.000000000000000000e+00,0.000000000000000000e+00,-3.681007905027204080e-16,-1.102562522676267621e-13,1.393695757628555512e-03,4.105657443313052113e+01,0.000000000000000000e+00
0.000000000000000000e+00,0.000000000000000000e+00,-1.698764967526390958e-16,1.111458427334926161e-13,1.393695757628493929e-03,4.105657443318332156e+01,0.000000000000000000e+00
0.000000000000000000e+00,0.000000000000000000e+00,6.967494299165438762e-16,-9.809305058005925117e-14,1.393695757628755222e-03,4.105657443313980792e+01,0.000000000000000000e+00
0.000000000000000000e+00,0.000000000000000000e+00,9.128843182789711206e-16,4.626327309113036737e-14,1.393695757628510192e-03,4.105657443313031507e+01,0.000000000000000000e+00
0.000000000000000000e+00,0.000000000000000000e+00,7.956612372888506991e-16,7.831457279496805817e-14,1.393695757628719660e-03,4.105657443313272381e+01,0.000000000000000000e+00
0.000000000000000000e+00,0.000000000000000000e+00,-1.883615748682316330e-15,-1.966210544380279285e-13,1.393695757628620564e-03,4.105657443318216338e+01,0.000000000000000000e+00
0.000000000000000000e+00,0.000000000000000000e+00,6.071672145877914545e-16,-2.184166297509908671e-14,1.393695757628521902e-03,4.105657443313641863e+01,0.000000000000000000e+00
0.000000000000000000e+00,0.000000000000000000e+00,6.098947830399737741e-16,-8.037825389443520101e-15,1.393695757628497399e-03,4.105657443313183563e+01,0.000000000000000000e+00
0.000000000000000000e+00,0.000000000000000000e+00,-2.020389073622544975e-15,-1.765540486219960415e-14,1.393695757628797723e-03,4.105657443314480304e+01,0.000000000000000000e+00
0.000000000000000000e+00,0.000000000000000000e+00,-4.686324851951282265e-16,-8.152817333299962134e-14,1.393695757628511710e-03,4.105657443318768429e+01,0.000000000000000000e+00
0.000000000000000000e+00,0.000000000000000000e+00,1.101398792787404294e-16,-3.873963382089483376e-14,1.393695757628457283e-03,4.105657443318390420e+01,0.000000000000000000e+00
0.000000000000000000e+00,0.000000000000000000e+00,-7.008525437200390379e-16,1.008764610056335726e-13,1.393695757628685833e-03,4.105657443318853694e+01,0.000000000000000000e+00
0.000000000000000000e+00,0.000000000000000000e+00,-7.500914148743806734e-16,-2.461133951086204725e-14,1.393695757628751319e-03,4.105657443308035681e+01,0.000000000000000000e+00
0.000000000000000000e+00,0.000000000000000000e+00,-7.259217364950204469e-16,-6.387004408396524568e-14,1.393695757628722479e-03,4.105657443313454280e+01,0.000000000000000000e+00
0.000000000000000000e+00,0.000000000000000000e+00,5.687576970626127351e-16,1.013354778810076472e-13,1.393695757628830465e-03,4.105657443313767629e+01,0.000000000000000000e+00
0.000000000000000000e+00,0.000000000000000000e+00,-3.972045495096241373e-16,2.625608910355606229e-14,1.393695757628304844e-03,4.105657443312730948e+01,0.000000000000000000e+00
0.000000000000000000e+00,0.000000000000000000e+00,-1.824463542656726765e-15,-8.234442304702870461e-14,1.393695757628594760e-03,4.105657443313318566e+01,0.000000000000000000e+00
0.000000000000000000e+00,0.000000000000000000e+00,8.419090790870574627e-16,2.710214182525742219e-14,1.393695757628607987e-03,4.105657443314113664e+01,0.000000000000000000e+00
0.000000000000000000e+00,0.000000000000000000e+00,5.271224965993967684e-16,7.022454492133559685e-14,1.393695757628420420e-03,4.105657443318945354e+01,0.000000000000000000e+00
0.000000000000000000e+00,0.000000000000000000e+00,-1.136710741664586391e-15,4.992418670493619673e-14,1.393695757628518215e-03,4.105657443313005217e+01,0.000000000000000000e+00
0.000000000000000000e+00,0.000000000000000000e+00,2.020070074134264592e-16,-4.285339261271280576e-14,1.393695757628574160e-03,4.105657443318666111e+01,0.000000000000000000e+00
0.000000000000000000e+00,0.000000000000000000e+00,1.926826083419917236e-15,1.051902311867372417e-13,1.393695757628795771e-03,4.105657443309062415e+01,0.000000000000000000e+00
0.000000000000000000e+00,0.000000000000000000e+00,5.985880931750300302e-17,9.386776090604229991e-14,1.393695757628500434e-03,4.105657443313541677e+01,0.000000000000000000e+00
0.000000000000000000e+00,0.000000000000000000e+00,1.362444040254312456e-16,-9.428826733866095687e-15,1.393695757628805746e-03,4.105657443313324961e+01,0.000000000000000000e+00
0.000000000000000000e+00,0.000000000000000000e+00,1.338776145995032402e-15,-4.142487888100385444e-14,1.393695757628348646e-03,4.105657443313160826e+01,0.000000000000000000e+00
0.000000000000000000e+00,0.000000000000000000e+00,7.290230100430028903e-16,5.488662676740589719e-14,1.393695757628470510e-03,4.105657443318463606e+01,0.000000000000000000e+00
0.000000000000000000e+00,0.000000000000000000e+00,1.402283465165272619e-15,6.374455385873344171e-14,1.393695757628594760e-03,4.105657443313410937e+01,0.000000000000000000e+00
0.000000000000000000e+00,0.000000000000000000e+00,6.132676153273040491e-17,-9.978182016844378325e-14,1.393695757628432997e-03,4.105657443318674638e+01,0.000000000000000000e+00
0.000000000000000000e+00,0.000000000000000000e+00,6.310560134755753784e-16,-1.543190372805606359e-15,1.393695757628764329e-03,4.105657443314019162e+01,0.000000000000000000e+00
0.000000000000000000e+00,0.000000000000000000e+00,8.771256326006418029e-16,-3.808989468944396992e-14,1.393695757628473112e-03,4.105657443318379052e+01,0.000000000000000000e+00
0.000000000000000000e+00,0.000000000000000000e+00,-1.845546312386280628e-15,-1.459413360099193202e-13,1.393695757628700578e-03,4.105657443308252397e+01,0.000000000000000000e+00
0.000000000000000000e+00,0.000000000000000000e+00,-9.189677885185153004e-16,-8.486139793490204157e-14,1.393695757628565920e-03,4.105657443313783261e+01,0.000000000000000000e+00
0.000000000000000000e+00,0.000000000000000000e+00,-7.974653431568745852e-16,-1.270027299067404496e-13,1.393695757628744597e-03,4.105657443313277355e+01,0.000000000000000000e+00
0.000000000000000000e+00,0.000000000000000000e+00,-1.625171816614465775e-15,1.165986456281716436e-14,1.393695757628282293e-03,4.105657443313118904e+01,0.000000000000000000e+00
0.000000000000000000e+00,0.000000000000000000e+00,-3.375848538286398167e-15,-1.521088808717646275e-13,1.393695757628504771e-03,4.105657443317628008e+01,0.000000000000000000e+00
0.000000000000000000e+00,0.000000000000000000e+00,-1.187398061180683266e-15,-3.460634154249096035e-14,1.393695757628531226e-03,4.105657443312643551e+01,0.000000000000000000e+00
0.000000000000000000e+00,0.000000000000000000e+00,-3.675290290417790949e-16,9.717822416398445444e-14,1.393695757628391364e-03,4.105657443318351341e+01,0.000000000000000000e+00
0.000000000000000000e+00,0.000000000000000000e+00,-2.101348439526812044e-15,9.253400588764546573e-14,1.393695757628721612e-03,4.105657443313324251e+01,0.000000000000000000e+00
0.000000000000000000e+00,0.000000000000000000e+00,-5.957439792621450328e-16,4.426276410886767682e-14,1.393695757628485256e-03,4.105657443313030086e+01,0.000000000000000000e+00
0.000000000000000000e+00,0.000000000000000000e+00,1.830907487111181172e-15,1.678373541900077680e-13,1.393695757628761727e-03,4.105657443313203459e+01,0.000000000000000000e+00
0.000000000000000000e+00,0.000000000000000000e+00,1.125005272014044205e-16,1.736767043762995874e-13,1.393695757628559849e-03,4.105657443313232591e+01,0.000000000000000000e+00
0.000000000000000000e+00,0.000000000000000000e+00,8.805846560798860435e-16,1.122166808085943604e-13,1.393695757628491110e-03,4.105657443318074939e+01,0.000000000000000000e+00
0.000000000000000000e+00,0.000000000000000000e+00,1.787201791121685664e-15,2.726268932598078109e-15,1.393695757628565920e-03,4.105657443313889132e+01,0.000000000000000000e+00
0.000000000000000000e+00,0.000000000000000000e+00,3.188418996206816800e-15,2.357116613903998756e-13,1.393695757628493929e-03,4.105657443318756350e+01,0.000000000000000000e+00
0.000000000000000000e+00,0.000000000000000000e+00,1.098530026688236411e-15,2.083830161601826788e-14,1.393695757628724431e-03,4.105657443314377275e+01,0.000000000000000000e+00
0.000000000000000000e+00,0.000000000000000000e+00,5.221479139989142072e-16,-9.722649493682876279e-14,1.393695757628513878e-03,4.105657443318161626e+01,0.000000000000000000e+00
0.000000000000000000e+00,0.000000000000000000e+00,2.683099842724586119e-15,-3.032509877075589824e-14,1.393695757628778857e-03,4.105657443313309329e+01,0.000000000000000000e+00
0.000000000000000000e+00,0.000000000000000000e+00,4.663430676198850068e-16,-4.788058182654276775e-14,1.393695757628614059e-03,4.105657443318532529e+01,0.000000000000000000e+00
0.000000000000000000e+00,0.000000000000000000e+00,-1.848633615228555452e-15,-1.808174325339127119e-13,1.393695757628739609e-03,4.105657443313181432e+01,0.000000000000000000e+00
0.000000000000000000e+00,0.000000000000000000e+00,5.227442260318403377e-16,-1.673044763307782440e-13,1.393695757628567655e-03,4.105657443313773314e+01,0.000000000000000000e+00
0.000000000000000000e+00,0.000000000000000000e+00,-9.331664788921972845e-16,-1.065163874578008330e-13,1.393695757628769533e-03,4.105657443313157273e+01,0.000000000000000000e+00
0.000000000000000000e+00,0.000000000000000000e+00,-1.890662636569214102e-15,-9.793050556983788697e-15,1.393695757628557463e-03,4.105657443313250354e+01,0.000000000000000000e+00
0.000000000000000000e+00,0.000000000000000000e+00,-3.140158108461967434e-15,-2.797668531810564603e-13,1.393695757628526238e-03,4.105657443318298050e+01,0.000000000000000000e+00
0.000000000000000000e+00,0.000000000000000000e+00,-1.070032369079400233e-15,-1.439375719699640059e-14,1.393695757628558981e-03,4.105657443313732102e+01,0.000000000000000000e+00
0.000000000000000000e+00,0.000000000000000000e+00,-6.047971333557784079e-16,9.857124740002448561e-14,1.393695757628556813e-03,4.105657443313715049e+01,0.000000000000000000e+00
0.000000000000000000e+00,0.000000000000000000e+00,-3.003830086726322424e-15,3.389995140343232937e-16,1.393695757628819190e-03,4.105657443314101585e+01,0.000000000000000000e+00
0.000000000000000000e+00,0.000000000000000000e+00,-1.487444761374278328e-16,6.904293091048933926e-14,1.393695757628495013e-03,4.105657443317922883e+01,0.000000000000000000e+00
0.000000000000000000e+00,0.000000000000000000e+00,1.882415640739674170e-15,1.896171471117073175e-13,1.393695757628514312e-03,4.105657443318525424e+01,0.000000000000000000e+00
0.000000000000000000e+00,0.000000000000000000e+00,-8.402577587758491769e-16,1.664641304198936262e-13,1.393695757628599964e-03,4.105657443313460675e+01,0.000000000000000000e+00
0.000000000000000000e+00,0.000000000000000000e+00,1.699599966275450086e-15,1.394826456029201795e-13,1.393695757628733971e-03,4.105657443313970134e+01,0.000000000000000000e+00
0.000000000000000000e+00,0.000000000000000000e+00,7.677012328532596104e-16,-6.760003208275307812e-14,1.393695757628791001e-03,4.105657443314077426e+01,0.000000000000000000e+00
0.000000000000000000e+00,0.000000000000000000e+00,3.159245720026209304e-15,3.050958943329271983e-13,1.393695757628483087e-03,4.105657443318742850e+01,0.000000000000000000e+00
0.000000000000000000e+00,0.000000000000000000e+00,1.535215729412852511e-15,-7.586626325557188088e-15,1.393695757628589989e-03,4.105657443317370081e+01,0.000000000000000000e+00
0.000000000000000000e+00,0.000000000000000000e+00,-6.488223427306314256e-15,-4.437155818076590019e-13,1.393695757628623817e-03,4.105657443317736011e+01,0.000000000000000000e+00
0.000000000000000000e+00,0.000000000000000000e+00,3.201371473609481512e-15,1.430900030214997841e-14,1.393695757628769316e-03,4.105657443313909738e+01,0.000000000000000000e+00
0.000000000000000000e+00,0.000000000000000000e+00,3.731946425918535913e-16,-8.967391696865752724e-14,1.393695757628742211e-03,4.105657443313665311e+01,0.000000000000000000e+00
0.000000000000000000e+00,0.000000000000000000e+00,-5.187218556187596340e-15,8.399436624119643068e-14,1.393695757628761944e-03,4.105657443313047139e+01,0.000000000000000000e+00
0.000000000000000000e+00,0.000000000000000000e+00,-8.490040503907384367e-17,-2.471469769062491142e-13,1.393695757628612541e-03,4.105657443313459964e+01,0.000000000000000000e+00
0.000000000000000000e+00,0.000000000000000000e+00,-1.693228351586583091e-15,-1.577198042917530426e-13,1.393695757628574811e-03,4.105657443313260302e+01,0.000000000000000000e+00
0.000000000000000000e+00,0.000000000000000000e+00,-8.181436721000314948e-16,3.391766192084205689e-13,1.393695757628585219e-03,4.105657443313175037e+01,0.000000000000000000e+00
0.000000000000000000e+00,0.000000000000000000e+00,-7.932575809064818784e-17,-1.783534703213500110e-14,1.393695757628521468e-03,4.105657443318066413e+01,0.000000000000000000e+00
0.000000000000000000e+00,0.000000000000000000e+00,-1.627748373984645266e-15,-6.386812473760417588e-15,1.393695757628514312e-03,4.105657443313764787e+01,0.000000000000000000e+00
0.000000000000000000e+00,0.000000000000000000e+00,2.343964944831479418e-15,2.555774881825751850e-13,1.393695757628514529e-03,4.105657443313285171e+01,0.000000000000000000e+00
0.000000000000000000e+00,0.000000000000000000e+00,-1.575844387968941109e-16,-6.667758595386430178e-15,1.393695757628735273e-03,4.105657443314025556e+01,0.000000000000000000e+00
0.000000000000000000e+00,0.000000000000000000e+00,-5.051822660119216240e-16,8.613157470836918805e-14,1.393695757628547272e-03,4.105657443318464317e+01,0.000000000000000000e+00
0.000000000000000000e+00,0.000000000000000000e+00,2.596891831904601261e-15,2.873032939562681240e-14,1.393695757628549657e-03,4.105657443313700838e+01,0.000000000000000000e+00
0.000000000000000000e+00,0.000000000000000000e+00,-1.057199316200002022e-16,3.749531539635430032e-15,1.393695757628586086e-03,4.105657443318045097e+01,0.000000000000000000e+00
0.000000000000000000e+00,0.000000000000000000e+00,1.642319126570540407e-15,1.637426264259248711e-13,1.393695757628725732e-03,4.105657443313306487e+01,0.000000000000000000e+00
0.000000000000000000e+00,0.000000000000000000e+00,9.466423069307089768e-16,-1.259176969371420101e-13,1.393695757628542501e-03,4.105657443318841615e+01,0.000000000000000000e+00
0.000000000000000000e+00,0.000000000000000000e+00,6.378302803738261962e-17,1.285410312440497384e-14,1.393695757628781676e-03,4.105657443313709365e+01,0.000000000000000000e+00
0.000000000000000000e+00,0.000000000000000000e+00,1.644510946224812461e-15,1.175046526950766271e-14,1.393695757628579364e-03,4.105657443314063926e+01,0.000000000000000000e+00
0.000000000000000000e+00,0.000000000000000000e+00,-2.423604153601735584e-15,-2.567575300154650427e-13,1.393695757628820057e-03,4.105657443308871279e+01,0.000000000000000000e+00
0.000000000000000000e+00,0.000000000000000000e+00,3.323787686770691329e-16,2.020193975504441001e-14,1.393695757628587387e-03,4.105657443313346278e+01,0.000000000000000000e+00
0.000000000000000000e+00,0.000000000000000000e+00,-1.182718837162180208e-16,-1.242011570792379132e-13,1.393695757628541851e-03,4.105657443318984434e+01,0.000000000000000000e+00
0.000000000000000000e+00,0.000000000000000000e+00,-2.628191047946228661e-15,-2.505415917884013800e-14,1.393695757628357320e-03,4.105657443313668153e+01,0.000000000000000000e+00
0.000000000000000000e+00,0.000000000000000000e+00,2.465440115013632564e-16,-5.870718510940922860e-15,1.393695757628529925e-03,4.105657443318145283e+01,0.000000000000000000e+00
0.000000000000000000e+00,0.000000000000000000e+00,2.208462261204478568e-18,-3.031974443169155828e-15,1.393695757628800975e-03,4.105657443313646127e+01,0.000000000000000000e+00
0.000000000000000000e+00,0.000000000000000000e+00,-9.275312283346115664e-16,1.299293144101514710e-13,1.393695757628428443e-03,4.105657443313402410e+01,0.000000000000000000e+00
0.000000000000000000e+00,0.000000000000000000e+00,-1.350371764654993821e-16,-2.887368771129373310e-14,1.393695757628781676e-03,4.105657443313934607e+01,0.000000000000000000e+00
0.000000000000000000e+00,0.000000000000000000e+00,3.878099428458395151e-15,2.131669949189297180e-13,1.393695757628615577e-03,4.105657443313366173e+01,0.000000000000000000e+00
0.000000000000000000e+00,0.000000000000000000e+00,2.495452801498546445e-15,2.608231107980794468e-13,1.393695757628480919e-03,4.105657443318561661e+01,0.000000000000000000e+00
0.000000000000000000e+00,0.000000000000000000e+00,-2.569703341142335983e-16,-1.042824493731284622e-14,1.393695757628611457e-03,4.105657443313607047e+01,0.000000000000000000e+00
0.000000000000000000e+00,0.000000000000000000e+00,2.705554819501119506e-15,-8.247514931891384742e-14,1.393695757628508457e-03,4.105657443318789035e+01,0.000000000000000000e+00
0.000000000000000000e+00,0.000000000000000000e+00,2.572154657829581891e-15,2.405856770209350076e-14,1.393695757628791001e-03,4.105657443313281618e+01,0.000000000000000000e+00
0.000000000000000000e+00,0.000000000000000000e+00,-1.641993338284938861e-16,6.741977644049086142e-15,1.393695757628489592e-03,4.105657443317389976e+01,0.000000000000000000e+00
0.000000000000000000e+00,0.000000000000000000e+00,1.333529798474584532e-16,-2.008812414073272513e-13,1.393695757628792952e-03,4.105657443308541588e+01,0.000000000000000000e+00
0.000000000000000000e+00,0.000000000000000000e+00,9.042541399578269981e-16,-1.274451345056462161e-13,1.393695757628576545e-03,4.105657443313802446e+01,0.000000000000000000e+00
0.000000000000000000e+00,0.000000000000000000e+00,1.222500275672142126e-16,2.171276377581815440e-14,1.393695757628728984e-03,4.105657443313207722e+01,0.000000000000000000e+00
0.000000000000000000e+00,0.000000000000000000e+00,-1.486782154682008669e-15,-1.319306086892389213e-13,1.393695757628325227e-03,4.105657443312881583e+01,0.000000000000000000e+00
0.000000000000000000e+00,0.000000000000000000e+00,-2.447137460646880759e-15,-2.553734091830808203e-13,1.393695757628501519e-03,4.105657443318639821e+01,0.000000000000000000e+00
0.000000000000000000e+00,0.000000000000000000e+00,5.714073934777959775e-16,3.375697056052473987e-14,1.393695757628548356e-03,4.105657443313742050e+01,0.000000000000000000e+00
0.000000000000000000e+00,0.000000000000000000e+00,-1.389251540707756500e-15,-2.222909147000969175e-15,1.393695757628436900e-03,4.105657443317927147e+01,0.000000000000000000e+00
0.000000000000000000e+00,0.000000000000000000e+00,-2.624292039461297852e-15,-2.289347461112041756e-14,1.393695757628777990e-03,4.105657443314566990e+01,0.000000000000000000e+00
0.000000000000000000e+00,0.000000000000000000e+00,4.164615260108892467e-16,-1.069595640049078056e-14,1.393695757628533828e-03,4.105657443319095279e+01,0.000000000000000000e+00
0.000000000000000000e+00,0.000000000000000000e+00,-4.066697327628182879e-16,7.551310697410964882e-14,1.393695757628765413e-03,4.105657443314273536e+01,0.000000000000000000e+00
0.000000000000000000e+00,0.000000000000000000e+00,-9.100428950690130662e-16,1.310531769148475360e-13,1.393695757628658077e-03,4.105657443318522581e+01,0.000000000000000000e+00
0.000000000000000000e+00,0.000000000000000000e+00,3.569665552543402332e-17,-2.968170911955715975e-14,1.393695757628830249e-03,4.105657443308705723e+01,0.000000000000000000e+00
0.000000000000000000e+00,0.000000000000000000e+00,1.435905436003028486e-15,1.405303891024040232e-13,1.393695757628634008e-03,4.105657443319024935e+01,0.000000000000000000e+00
0.000000000000000000e+00,0.000000000000000000e+00,2.514260026359335087e-15,2.609487746286869468e-13,1.393695757628844777e-03,4.105657443313949528e+01,0.000000000000000000e+00
0.000000000000000000e+00,0.000000000000000000e+00,-5.508880479724373779e-16,-4.487015553666082378e-14,1.393695757628340623e-03,4.105657443312970400e+01,0.000000000000000000e+00
0.000000000000000000e+00,0.000000000000000000e+00,1.469176795073446429e-15,7.657778474512789093e-15,1.393695757628786664e-03,4.105657443313819499e+01,0.000000000000000000e+00
0.000000000000000000e+00,0.000000000000000000e+00,2.685429065529184171e-15,2.263524445906839290e-14,1.393695757628605602e-03,4.105657443312988164e+01,0.000000000000000000e+00
0.000000000000000000e+00,0.000000000000000000e+00,-1.293675773487288534e-15,-5.563687242639346671e-14,1.393695757628420637e-03,4.105657443318882116e+01,0.000000000000000000e+00
0.000000000000000000e+00,0.000000000000000000e+00,4.703329792901345888e-16,-7.656704167832707049e-14,1.393695757628596711e-03,4.105657443313318566e+01,0.000000000000000000e+00
0.000000000000000000e+00,0.000000000000000000e+00,9.252376956368665818e-16,-1.345970546606699123e-13,1.393695757628455548e-03,4.105657443313809551e+01,0.000000000000000000e+00
0.000000000000000000e+00,0.000000000000000000e+00,-7.851343923764022575e-16,3.710565414466847471e-14,1.393695757628785796e-03,4.105657443308329846e+01,0.000000000000000000e+00
0.000000000000000000e+00,0.000000000000000000e+00,5.690909908092536136e-17,-3.570443804851646461e-14,1.393695757628489809e-03,4.105657443318704480e+01,0.000000000000000000e+00
0.000000000000000000e+00,0.000000000000000000e+00,-2.581224338836862235e-15,-2.672190683302479090e-13,1.393695757628466607e-03,4.105657443318374789e+01,0.000000000000000000e+00
0.000000000000000000e+00,0.000000000000000000e+00,6.124447193505885875e-17,6.646123812464811944e-14,1.393695757628267548e-03,4.105657443312985322e+01,0.000000000000000000e+00
0.000000000000000000e+00,0.000000000000000000e+00,-2.549418172966846851e-16,-2.528714138581640939e-14,1.393695757628751752e-03,4.105657443313253196e+01,0.000000000000000000e+00
0.000000000000000000e+00,0.000000000000000000e+00,-2.751794499806867198e-15,-2.281664085701782787e-14,1.393695757628768666e-03,4.105657443313789656e+01,0.000000000000000000e+00
0.000000000000000000e+00,0.000000000000000000e+00,1.218138038319767359e-15,8.868096818699534691e-14,1.393695757628417818e-03,4.105657443318946065e+01,0.000000000000000000e+00
0.000000000000000000e+00,0.000000000000000000e+00,-2.634006436074708628e-16,-1.568123049848627228e-15,1.393695757628515396e-03,4.105657443313053534e+01,0.000000000000000000e+00
0.000000000000000000e+00,0.000000000000000000e+00,-9.452352036075607389e-16,1.381577346480264948e-13,1.393695757628599964e-03,4.105657443313405963e+01,0.000000000000000000e+00
0.000000000000000000e+00,0.000000000000000000e+00,1.014663778227776166e-15,-1.243692636683236196e-14,1.393695757628754788e-03,4.105657443308435006e+01,0.000000000000000000e+00
0.000000000000000000e+00,0.000000000000000000e+00,-8.580452555790701770e-17,1.360625600648175478e-14,1.393695757628498700e-03,4.105657443313346988e+01,0.000000000000000000e+00
0.000000000000000000e+00,0.000000000000000000e+00,-1.532188393691623946e-16,6.779524512411653793e-14,1.393695757628541851e-03,4.105657443318412447e+01,0.000000000000000000e+00
0.000000000000000000e+00,0.000000000000000000e+00,-3.396861752970906396e-16,-1.022847916094210717e-13,1.393695757628282943e-03,4.105657443313153721e+01,0.000000000000000000e+00
0.000000000000000000e+00,0.000000000000000000e+00,2.600915351227060533e-16,2.636761820944048642e-14,1.393695757628505639e-03,4.105657443318916222e+01,0.000000000000000000e+00
0.000000000000000000e+00,0.000000000000000000e+00,-2.188699390855096781e-15,-9.432659244354398149e-14,1.393695757628761944e-03,4.105657443314042609e+01,0.000000000000000000e+00
0.000000000000000000e+00,0.000000000000000000e+00,-2.681468908405092820e-15,-1.763590118855765652e-13,1.393695757628421504e-03,4.105657443318361999e+01,0.000000000000000000e+00
0.000000000000000000e+00,0.000000000000000000e+00,1.061040816573980866e-16,-9.325490354456705119e-15,1.393695757628791651e-03,4.105657443313697996e+01,0.000000000000000000e+00
0.000000000000000000e+00,0.000000000000000000e+00,-1.329825351824939187e-15,6.265451039253134152e-14,1.393695757628589556e-03,4.105657443319011435e+01,0.000000000000000000e+00
0.000000000000000000e+00,0.000000000000000000e+00,-2.090515257088179467e-15,3.906644953765391158e-14,1.393695757628776039e-03,4.105657443313357646e+01,0.000000000000000000e+00
0.000000000000000000e+00,0.000000000000000000e+00,-9.011639651567154132e-16,-6.157213619367044216e-14,1.393695757628580015e-03,4.105657443318015964e+01,0.000000000000000000e+00
0.000000000000000000e+00,0.000000000000000000e+00,1.022658578739833156e-16,1.124491600747467824e-13,1.393695757628864293e-03,4.105657443313528887e+01,0.000000000000000000e+00
0.000000000000000000e+00,0.000000000000000000e+00,-2.901482790749028217e-16,1.399262978578114827e-13,1.393695757628589556e-03,4.105657443313189958e+01,0.000000000000000000e+00
0.000000000000000000e+00,0.000000000000000000e+00,-2.476040379270126789e-15,-1.035680593115469924e-13,1.393695757628777340e-03,4.105657443313325672e+01,0.000000000000000000e+00
0.000000000000000000e+00,0.000000000000000000e+00,2.061177646158348491e-15,1.501571582841001974e-13,1.393695757628590640e-03,4.105657443313666732e+01,0.000000000000000000e+00
0.000000000000000000e+00,0.000000000000000000e+00,1.939537647326960981e-16,4.537862302566268657e-14,1.393695757628469860e-03,4.105657443317829092e+01,0.000000000000000000e+00
0.000000000000000000e+00,0.000000000000000000e+00,-1.480569158486587777e-15,7.282819311745182866e-14,1.393695757628583701e-03,4.105657443313497623e+01,0.000000000000000000e+00
0.000000000000000000e+00,0.000000000000000000e+00,1.717662569867820360e-15,-2.098059752654586901e-14,1.393695757628539032e-03,4.105657443318156652e+01,0.000000000000000000e+00
0.000000000000000000e+00,0.000000000000000000e+00,3.443030254108777502e-16,1.485741402243862251e-14,1.393695757628742211e-03,4.105657443313430832e+01,0.000000000000000000e+00
0.000000000000000000e+00,0.000000000000000000e+00,-1.370735831779253166e-16,1.031764337632423384e-13,1.393695757628488508e-03,4.105657443318518318e+01,0.000000000000000000e+00
0.000000000000000000e+00,0.000000000000000000e+00,5.466552904599062551e-16,-8.692166710974624706e-14,1.393695757628799024e-03,4.105657443313790367e+01,0.000000000000000000e+00
0.000000000000000000e+00,0.000000000000000000e+00,2.342238549577480023e-16,-6.179204756883081029e-15,1.393695757628587387e-03,4.105657443313532440e+01,0.000000000000000000e+00
0.000000000000000000e+00,0.000000000000000000e+00,7.443968556111406023e-16,7.155784667239475253e-14,1.393695757628777340e-03,4.105657443313700128e+01,0.000000000000000000e+00
0.000000000000000000e+00,0.000000000000000000e+00,-1.170247589801658354e-15,-1.305846732562864390e-13,1.393695757628596495e-03,4.105657443313595678e+01,0.000000000000000000e+00
0.000000000000000000e+00,0.000000000000000000e+00,5.329758579377217499e-15,1.337725978776566035e-13,1.393695757628531226e-03,4.105657443318381183e+01,0.000000000000000000e+00
0.000000000000000000e+00,0.000000000000000000e+00,7.518163073073934286e-16,3.166743988032304734e-15,1.393695757628612541e-03,4.105657443313606336e+01,0.000000000000000000e+00
0.000000000000000000e+00,0.000000000000000000e+00,-1.319173421575851295e-15,-1.619471072226868418e-14,1.393695757628523419e-03,4.105657443319095989e+01,0.000000000000000000e+00
0.000000000000000000e+00,0.000000000000000000e+00,2.910041369071263012e-15,-1.670731632517234764e-13,1.393695757628773220e-03,4.105657443314283483e+01,0.000000000000000000e+00
0.000000000000000000e+00,0.000000000000000000e+00,2.349763156900898963e-16,-3.964758109363712706e-14,1.393695757628520384e-03,4.105657443318408895e+01,0.000000000000000000e+00
0.000000000000000000e+00,0.000000000000000000e+00,-1.548049226649968869e-16,8.730661897280521826e-14,1.393695757628817455e-03,4.105657443308757593e+01,0.000000000000000000e+00
0.000000000000000000e+00,0.000000000000000000e+00,1.233594645581998744e-16,-2.151422833721542872e-13,1.393695757628628587e-03,4.105657443318468580e+01,0.000000000000000000e+00
0.000000000000000000e+00,0.000000000000000000e+00,2.498416391734656456e-17,-1.818923919721164241e-14,1.393695757628748283e-03,4.105657443313043586e+01,0.000000000000000000e+00
0.000000000000000000e+00,0.000000000000000000e+00,2.158910987023317811e-15,1.745798206642153855e-13,1.393695757628304411e-03,4.105657443312596655e+01,0.000000000000000000e+00
0.000000000000000000e+00,0.000000000000000000e+00,-2.698672070277473689e-15,-2.217039515231361827e-13,1.393695757628789916e-03,4.105657443313855737e+01,0.000000000000000000e+00
0.000000000000000000e+00,0.000000000000000000e+00,6.237928122442151172e-16,2.857377406548783762e-14,1.393695757628510626e-03,4.105657443313580046e+01,0.000000000000000000e+00
0.000000000000000000e+00,0.000000000000000000e+00,1.913576145187067842e-15,-5.541937833968797747e-15,1.393695757628418252e-03,4.105657443318730060e+01,0.000000000000000000e+00
0.000000000000000000e+00,0.000000000000000000e+00,-2.439399780066491309e-15,1.190394378411465907e-14,1.393695757628604735e-03,4.105657443313535282e+01,0.000000000000000000e+00
0.000000000000000000e+00,0.000000000000000000e+00,1.739709036470236552e-15,6.764776974241755733e-14,1.393695757628506289e-03,4.105657443317759459e+01,0.000000000000000000e+00
0.000000000000000000e+00,0.000000000000000000e+00,-3.768760149945241715e-16,-1.634137079990146143e-13,1.393695757628724647e-03,4.105657443308024313e+01,0.000000000000000000e+00
0.000000000000000000e+00,0.000000000000000000e+00,-5.941372900332417323e-16,1.423948931268813810e-13,1.393695757628478967e-03,4.105657443318258970e+01,0.000000000000000000e+00
0.000000000000000000e+00,0.000000000000000000e+00,1.001418112514553059e-15,-5.434543370517467683e-14,1.393695757628746548e-03,4.105657443313796051e+01,0.000000000000000000e+00
0.000000000000000000e+00,0.000000000000000000e+00,-1.345657545108129862e-15,-8.046027608530694447e-14,1.393695757628289665e-03,4.105657443313411648e+01,0.000000000000000000e+00
0.000000000000000000e+00,0.000000000000000000e+00,2.688876123683490081e-15,2.505743781250052654e-13,1.393695757628764980e-03,4.105657443314199639e+01,0.000000000000000000e+00
0.000000000000000000e+00,0.000000000000000000e+00,-1.110571207560762010e-15,-1.603232893944639506e-13,1.393695757628563752e-03,4.105657443312993138e+01,0.000000000000000000e+00
0.000000000000000000e+00,0.000000000000000000e+00,-1.336264221502582783e-15,-1.178417475562498440e-15,1.393695757628448393e-03,4.105657443318365551e+01,0.000000000000000000e+00
0.000000000000000000e+00,0.000000000000000000e+00,2.585579911776760208e-15,1.020047171839181589e-14,1.393695757628630755e-03,4.105657443312880872e+01,0.000000000000000000e+00
0.000000000000000000e+00,0.000000000000000000e+00,-1.528072732724564343e-15,-3.793610001950701131e-14,1.393695757628513011e-03,4.105657443312975374e+01,0.000000000000000000e+00
0.000000000000000000e+00,0.000000000000000000e+00,-4.200226428238404542e-16,7.000401529672222416e-14,1.393695757628786447e-03,4.105657443313814525e+01,0.000000000000000000e+00
0.000000000000000000e+00,0.000000000000000000e+00,8.028718940021385058e-16,-1.367804479129592778e-13,1.393695757628477666e-03,4.105657443313998556e+01,0.000000000000000000e+00
0.000000000000000000e+00,0.000000000000000000e+00,-8.933769039155431504e-16,4.377142884107926348e-14,1.393695757628475064e-03,4.105657443313415911e+01,0.000000000000000000e+00
0.000000000000000000e+00,0.000000000000000000e+00,1.283215586612232878e-15,1.294590091856158975e-13,1.393695757628659162e-03,4.105657443314058952e+01,0.000000000000000000e+00
0.000000000000000000e+00,0.000000000000000000e+00,-2.608137365613149925e-15,-2.600818908617345771e-13,1.393695757628536213e-03,4.105657443317947042e+01,0.000000000000000000e+00
0.000000000000000000e+00,0.000000000000000000e+00,8.145022035825384077e-17,7.658506778893422826e-14,1.393695757628491544e-03,4.105657443318442290e+01,0.000000000000000000e+00
0.000000000000000000e+00,0.000000000000000000e+00,1.342329510558200098e-15,9.244303475075995034e-15,1.393695757628556813e-03,4.105657443318362709e+01,0.000000000000000000e+00
0.000000000000000000e+00,0.000000000000000000e+00,-2.705192112397751497e-15,-1.690190225181465694e-14,1.393695757628781893e-03,4.105657443314441934e+01,0.000000000000000000e+00
0.000000000000000000e+00,0.000000000000000000e+00,6.039477205775539594e-16,4.297602840756460081e-14,1.393695757628737224e-03,4.105657443313383226e+01,0.000000000000000000e+00
0.000000000000000000e+00,0.000000000000000000e+00,4.467793802988261785e-16,-6.856271122745837177e-14,1.393695757628769533e-03,4.105657443313664601e+01,0.000000000000000000e+00
0.000000000000000000e+00,0.000000000000000000e+00,-8.872808185161924191e-16,1.392456586564360989e-13,1.393695757628616661e-03,4.105657443317694089e+01,0.000000000000000000e+00
0.000000000000000000e+00,0.000000000000000000e+00,4.955420360274912209e-16,-6.780999391849360200e-15,1.393695757628596711e-03,4.105657443314191823e+01,0.000000000000000000e+00
0.000000000000000000e+00,0.000000000000000000e+00,-1.312184908151148529e-15,-1.340709246278364347e-13,1.393695757628600615e-03,4.105657443313146615e+01,0.000000000000000000e+00
0.000000000000000000e+00,0.000000000000000000e+00,-1.202032592682313897e-16,6.604675585062860416e-14,1.393695757628740477e-03,4.105657443313943133e+01,0.000000000000000000e+00
0.000000000000000000e+00,0.000000000000000000e+00,8.759044937781817090e-17,-3.163126167545443838e-14,1.393695757628573510e-03,4.105657443318025202e+01,0.000000000000000000e+00
0.000000000000000000e+00,0.000000000000000000e+00,-1.385451067829384400e-15,-1.050039730272806451e-14,1.393695757628518866e-03,4.105657443314018451e+01,0.000000000000000000e+00
0.000000000000000000e+00,0.000000000000000000e+00,1.248325501393722306e-15,8.794294685006551953e-14,1.393695757628594543e-03,4.105657443317980437e+01,0.000000000000000000e+00
0.000000000000000000e+00,0.000000000000000000e+00,-5.924668908106115842e-16,-5.195507991398330992e-14,1.393695757628746982e-03,4.105657443313076271e+01,0.000000000000000000e+00
0.000000000000000000e+00,0.000000000000000000e+00,-4.684093370421912531e-16,7.017057373874692912e-14,1.393695757628521685e-03,4.105657443318293076e+01,0.000000000000000000e+00
0.000000000000000000e+00,0.000000000000000000e+00,1.017534147145982135e-15,-1.456530766380027474e-14,1.393695757628759342e-03,4.105657443313880606e+01,0.000000000000000000e+00
0.000000000000000000e+00,0.000000000000000000e+00,-1.484683832961318361e-15,-6.687676945333093120e-14,1.393695757628561583e-03,4.105657443313734234e+01,0.000000000000000000e+00
0.000000000000000000e+00,0.000000000000000000e+00,1.344171333046268886e-15,1.381463483016798963e-13,1.393695757628785363e-03,4.105657443313265276e+01,0.000000000000000000e+00
0.000000000000000000e+00,0.000000000000000000e+00,-3.792224409937055323e-16,-1.055282321852600541e-13,1.393695757628570257e-03,4.105657443318442290e+01,0.000000000000000000e+00
0.000000000000000000e+00,0.000000000000000000e+00,-9.240118295006698480e-16,4.070850582553604761e-14,1.393695757628514312e-03,4.105657443318587951e+01,0.000000000000000000e+00
0.000000000000000000e+00,0.000000000000000000e+00,1.425348514394842957e-15,1.125686827789530939e-14,1.393695757628551826e-03,4.105657443313430832e+01,0.000000000000000000e+00
0.000000000000000000e+00,0.000000000000000000e+00,-1.672715535717200690e-16,7.725076710999550164e-15,1.393695757628749150e-03,4.105657443313585020e+01,0.000000000000000000e+00
0.000000000000000000e+00,0.000000000000000000e+00,8.508289139051636754e-16,1.346137072591763899e-13,1.393695757628802710e-03,4.105657443313242538e+01,0.000000000000000000e+00
0.000000000000000000e+00,0.000000000000000000e+00,4.853437366737782789e-16,-7.190976525926793812e-14,1.393695757628510409e-03,4.105657443318693112e+01,0.000000000000000000e+00
0.000000000000000000e+00,0.000000000000000000e+00,3.183181880176909004e-15,1.950934762688923246e-13,1.393695757628532744e-03,4.105657443317848276e+01,0.000000000000000000e+00
0.000000000000000000e+00,0.000000000000000000e+00,3.646923188089836350e-15,2.102693903715194509e-13,1.393695757628577413e-03,4.105657443313499044e+01,0.000000000000000000e+00
0.000000000000000000e+00,0.000000000000000000e+00,-2.001237355363738475e-16,-5.494867763438853592e-14,1.393695757628788832e-03,4.105657443313862132e+01,0.000000000000000000e+00
0.000000000000000000e+00,0.000000000000000000e+00,2.373437360027482977e-15,-5.521922272514520787e-14,1.393695757628728334e-03,4.105657443313529598e+01,0.000000000000000000e+00
0.000000000000000000e+00,0.000000000000000000e+00,2.618704456855152870e-15,-7.147672941955668606e-14,1.393695757628541417e-03,4.105657443318538924e+01,0.000000000000000000e+00
0.000000000000000000e+00,0.000000000000000000e+00,2.684858635689480461e-15,1.240167296538096980e-13,1.393695757628581966e-03,4.105657443312741606e+01,0.000000000000000000e+00
0.000000000000000000e+00,0.000000000000000000e+00,2.469718239321285226e-16,-1.656002795337081774e-13,1.393695757628558981e-03,4.105657443313054955e+01,0.000000000000000000e+00
0.000000000000000000e+00,0.000000000000000000e+00,1.924352634155865702e-16,-1.892550941434937286e-13,1.393695757628844560e-03,4.105657443313366883e+01,0.000000000000000000e+00
0.000000000000000000e+00,0.000000000000000000e+00,-1.428786159653451819e-16,-1.692216123147352028e-13,1.393695757628482003e-03,4.105657443313000954e+01,0.000000000000000000e+00
0.000000000000000000e+00,0.000000000000000000e+00,-2.799932889928869589e-16,-5.034001144626033807e-14,1.393695757628545537e-03,4.105657443313612021e+01,0.000000000000000000e+00
0.000000000000000000e+00,0.000000000000000000e+00,-1.381990425535247372e-15,-1.279922403512980056e-13,1.393695757628583918e-03,4.105657443312711052e+01,0.000000000000000000e+00
0.000000000000000000e+00,0.000000000000000000e+00,2.266532783910162295e-15,9.338419076449010637e-14,1.393695757628470944e-03,4.105657443318917643e+01,0.000000000000000000e+00
0.000000000000000000e+00,0.000000000000000000e+00,2.518301044386296713e-15,1.498057525800991304e-13,1.393695757628540116e-03,4.105657443318018807e+01,0.000000000000000000e+00
0.000000000000000000e+00,0.000000000000000000e+00,-1.324050956378897421e-15,-4.832696275279043469e-15,1.393695757628489592e-03,4.105657443314036215e+01,0.000000000000000000e+00
0.000000000000000000e+00,0.000000000000000000e+00,1.344513709693626888e-15,-6.754668560135965886e-14,1.393695757628794253e-03,4.105657443308552956e+01,0.000000000000000000e+00
0.000000000000000000e+00,0.000000000000000000e+00,1.843258267441053764e-15,-4.649903016666639386e-14,1.393695757628756957e-03,4.105657443313548072e+01,0.000000000000000000e+00
0.000000000000000000e+00,0.000000000000000000e+00,-4.081773443094242049e-16,7.028631576708348201e-14,1.393695757628542718e-03,4.105657443318257549e+01,0.000000000000000000e+00
0.000000000000000000e+00,0.000000000000000000e+00,1.985974970440340281e-16,-8.675938286574388083e-14,1.393695757628309398e-03,4.105657443312976795e+01,0.000000000000000000e+00
0.000000000000000000e+00,0.000000000000000000e+00,1.643764826031401742e-16,-1.308496159707631854e-13,1.393695757628576545e-03,4.105657443314256483e+01,0.000000000000000000e+00
0.000000000000000000e+00,0.000000000000000000e+00,1.339745629420493042e-15,1.332798234634095370e-13,1.393695757628745898e-03,4.105657443313790367e+01,0.000000000000000000e+00
0.000000000000000000e+00,0.000000000000000000e+00,-1.803048223136075811e-15,-1.167267570848851143e-13,1.393695757628438201e-03,4.105657443317850408e+01,0.000000000000000000e+00
0.000000000000000000e+00,0.000000000000000000e+00,-2.373388942568233401e-16,-3.870250229462029290e-14,1.393695757628544887e-03,4.105657443318726507e+01,0.000000000000000000e+00
0.000000000000000000e+00,0.000000000000000000e+00,1.387181665639981836e-15,8.484488704525330735e-15,1.393695757628612324e-03,4.105657443318314392e+01,0.000000000000000000e+00
0.000000000000000000e+00,0.000000000000000000e+00,-1.391580037270898638e-15,2.742125847270468266e-14,1.393695757628723997e-03,4.105657443313688759e+01,0.000000000000000000e+00
0.000000000000000000e+00,0.000000000000000000e+00,-1.115063097802878661e-15,-5.302487173405236211e-14,1.393695757628828731e-03,4.105657443313294408e+01,0.000000000000000000e+00
0.000000000000000000e+00,0.000000000000000000e+00,5.308610669840022530e-18,-1.038671482643172108e-13,1.393695757628797506e-03,4.105657443313162247e+01,0.000000000000000000e+00
0.000000000000000000e+00,0.000000000000000000e+00,-1.823960939358998587e-16,9.402188476464817791e-14,1.393695757628591074e-03,4.105657443313855737e+01,0.000000000000000000e+00
0.000000000000000000e+00,0.000000000000000000e+00,-7.151996194765489157e-16,2.883940729701526851e-14,1.393695757628581966e-03,4.105657443312885135e+01,0.000000000000000000e+00
0.000000000000000000e+00,0.000000000000000000e+00,-2.620656721033684743e-15,-1.980241619857612689e-13,1.393695757628573510e-03,4.105657443313165800e+01,0.000000000000000000e+00
0.000000000000000000e+00,0.000000000000000000e+00,1.752580402689276228e-15,1.479227467018761416e-13,1.393695757628520600e-03,4.105657443317775090e+01,0.000000000000000000e+00
0.000000000000000000e+00,0.000000000000000000e+00,1.814646038862651247e-17,5.746531843560152361e-14,1.393695757628483954e-03,4.105657443313888422e+01,0.000000000000000000e+00
0.000000000000000000e+00,0.000000000000000000e+00,-2.237837948551163534e-15,2.226788644070022260e-14,1.393695757628486990e-03,4.105657443312488653e+01,0.000000000000000000e+00
0.000000000000000000e+00,0.000000000000000000e+00,1.614121046205608525e-15,-5.285941376944354196e-15,1.393695757628747632e-03,4.105657443313607047e+01,0.000000000000000000e+00
0.000000000000000000e+00,0.000000000000000000e+00,4.411133324517471282e-16,3.462514328141241780e-14,1.393695757628508891e-03,4.105657443318237654e+01,0.000000000000000000e+00
0.000000000000000000e+00,0.000000000000000000e+00,-4.589449805182214735e-16,1.376648114377184584e-13,1.393695757628465957e-03,4.105657443314164823e+01,0.000000000000000000e+00
0.000000000000000000e+00,0.000000000000000000e+00,4.127908893811584260e-16,-9.261464992434497477e-14,1.393695757628604735e-03,4.105657443313335619e+01,0.000000000000000000e+00
0.000000000000000000e+00,0.000000000000000000e+00,5.900699122925214543e-16,1.202914845450207861e-14,1.393695757628820491e-03,4.105657443313675969e+01,0.000000000000000000e+00
0.000000000000000000e+00,0.000000000000000000e+00,2.586984779647375241e-15,2.326092352760730421e-13,1.393695757628515830e-03,4.105657443313182142e+01,0.000000000000000000e+00
0.000000000000000000e+00,0.000000000000000000e+00,-1.751734463180656162e-15,-1.651766145039934885e-13,1.393695757628466607e-03,4.105657443317986832e+01,0.000000000000000000e+00
0.000000000000000000e+00,0.000000000000000000e+00,4.760224865724800649e-16,-9.002648579330234138e-15,1.393695757628585869e-03,4.105657443313127430e+01,0.000000000000000000e+00
0.000000000000000000e+00,0.000000000000000000e+00,2.435906741192590815e-15,5.442649565746185382e-15,1.393695757628496098e-03,4.105657443318472843e+01,0.000000000000000000e+00
0.000000000000000000e+00,0.000000000000000000e+00,-1.744798491808305210e-15,-5.458578534264580388e-15,1.393695757628762811e-03,4.105657443313619126e+01,0.000000000000000000e+00
0.000000000000000000e+00,0.000000000000000000e+00,1.247508897483951742e-16,-2.733833360032363846e-14,1.393695757628520384e-03,4.105657443318805377e+01,0.000000000000000000e+00
0.000000000000000000e+00,0.000000000000000000e+00,7.247755599255775075e-16,-1.314463719009350062e-13,1.393695757628766931e-03,4.105657443313933896e+01,0.000000000000000000e+00
0.000000000000000000e+00,0.000000000000000000e+00,8.939669097823706053e-17,1.380015140944772740e-13,1.393695757628546405e-03,4.105657443318578714e+01,0.000000000000000000e+00
0.000000000000000000e+00,0.000000000000000000e+00,-4.257865227458602822e-16,-4.208749581634448169e-14,1.393695757628803144e-03,4.105657443312730237e+01,0.000000000000000000e+00
0.000000000000000000e+00,0.000000000000000000e+00,-2.501332293361608023e-15,-2.460323289986949249e-13,1.393695757628565703e-03,4.105657443318057886e+01,0.000000000000000000e+00
0.000000000000000000e+00,0.000000000000000000e+00,3.510065269197510658e-15,2.578870750585295437e-13,1.393695757628744380e-03,4.105657443313020849e+01,0.000000000000000000e+00
0.000000000000000000e+00,0.000000000000000000e+00,-1.128581121218996272e-15,-5.263646755256583992e-14,1.393695757628571341e-03,4.105657443312961874e+01,0.000000000000000000e+00
0.000000000000000000e+00,0.000000000000000000e+00,-2.568622270037294880e-15,-1.410230298316366973e-14,1.393695757628741127e-03,4.105657443314206745e+01,0.000000000000000000e+00
0.000000000000000000e+00,0.000000000000000000e+00,2.941606332980411517e-15,-3.437821411072059191e-14,1.393695757628532310e-03,4.105657443313356936e+01,0.000000000000000000e+00
0.000000000000000000e+00,0.000000000000000000e+00,-7.160455342331521448e-16,2.982841104086261593e-14,1.393695757628493062e-03,4.105657443312937005e+01,0.000000000000000000e+00
0.000000000000000000e+00,0.000000000000000000e+00,-1.095045187803807486e-15,1.065137747126763613e-13,1.393695757628556813e-03,4.105657443318090571e+01,0.000000000000000000e+00
0.000000000000000000e+00,0.000000000000000000e+00,5.645240264396657441e-16,-1.841251200590136005e-13,1.393695757628542068e-03,4.105657443318835931e+01,0.000000000000000000e+00
0.000000000000000000e+00,0.000000000000000000e+00,2.541323722791028652e-17,5.812533714729138857e-14,1.393695757628486773e-03,4.105657443313584309e+01,0.000000000000000000e+00
0.000000000000000000e+00,0.000000000000000000e+00,1.502426225407589766e-15,1.951163753992754553e-13,1.393695757628764112e-03,4.105657443313231170e+01,0.000000000000000000e+00
0.000000000000000000e+00,0.000000000000000000e+00,-1.595992086357591501e-16,-6.608950730907963385e-14,1.393695757628777990e-03,4.105657443314471777e+01,0.000000000000000000e+00
0.000000000000000000e+00,0.000000000000000000e+00,1.068418304849037290e-15,7.990888565049537377e-14,1.393695757628508674e-03,4.105657443318722954e+01,0.000000000000000000e+00
0.000000000000000000e+00,0.000000000000000000e+00,1.902016129932247890e-15,3.782029606995639371e-14,1.393695757628540116e-03,4.105657443313486255e+01,0.000000000000000000e+00
0.000000000000000000e+00,0.000000000000000000e+00,2.834415754399635821e-15,1.545406461340590608e-13,1.393695757628589339e-03,4.105657443317730326e+01,0.000000000000000000e+00
0.000000000000000000e+00,0.000000000000000000e+00,9.060959269776188872e-16,-9.589184782594549394e-15,1.393695757628800541e-03,4.105657443308432164e+01,0.000000000000000000e+00
0.000000000000000000e+00,0.000000000000000000e+00,4.898743797405505614e-16,-1.054590553423515714e-13,1.393695757628523203e-03,4.105657443318114019e+01,0.000000000000000000e+00
0.000000000000000000e+00,0.000000000000000000e+00,1.967881643858065898e-15,-6.105941544141434411e-14,1.393695757628735273e-03,4.105657443313402410e+01,0.000000000000000000e+00
0.000000000000000000e+00,0.000000000000000000e+00,1.814784676124258159e-16,-5.609544321827492415e-14,1.393695757628314385e-03,4.105657443312991006e+01,0.000000000000000000e+00
0.000000000000000000e+00,0.000000000000000000e+00,-2.519322201173013764e-15,-2.272536394669316150e-13,1.393695757628787531e-03,4.105657443313660337e+01,0.000000000000000000e+00
0.000000000000000000e+00,0.000000000000000000e+00,8.886610795874871109e-17,-1.467748790650668640e-13,1.393695757628549007e-03,4.105657443313315724e+01,0.000000000000000000e+00
0.000000000000000000e+00,0.000000000000000000e+00,-1.053538181286623350e-15,-9.432130508584190706e-14,1.393695757628418685e-03,4.105657443318683164e+01,0.000000000000000000e+00
0.000000000000000000e+00,0.000000000000000000e+00,-2.431185485877627078e-15,-1.463494265760438704e-15,1.393695757628585436e-03,4.105657443313353383e+01,0.000000000000000000e+00
0.000000000000000000e+00,0.000000000000000000e+00,-3.162074616887302465e-16,-4.007939179673644488e-14,1.393695757628533177e-03,4.105657443318574451e+01,0.000000000000000000e+00
0.000000000000000000e+00,0.000000000000000000e+00,-2.688913831129074372e-15,-1.226028808150698827e-13,1.393695757628797506e-03,4.105657443308235344e+01,0.000000000000000000e+00
0.000000000000000000e+00,0.000000000000000000e+00,-9.639186011610312294e-16,1.069480237314882733e-13,1.393695757628530358e-03,4.105657443318311550e+01,0.000000000000000000e+00
0.000000000000000000e+00,0.000000000000000000e+00,-3.928279973657845673e-16,-7.348687474185884861e-15,1.393695757628795988e-03,4.105657443313680943e+01,0.000000000000000000e+00
0.000000000000000000e+00,0.000000000000000000e+00,-1.684726176867978016e-15,7.280824632918867195e-14,1.393695757628278173e-03,4.105657443312231436e+01,0.000000000000000000e+00
0.000000000000000000e+00,0.000000000000000000e+00,5.410136461601167185e-16,1.196599540702943100e-13,1.393695757628810082e-03,4.105657443314324695e+01,0.000000000000000000e+00
0.000000000000000000e+00,0.000000000000000000e+00,-9.265287192446384664e-17,2.243333190391659191e-14,1.393695757628580232e-03,4.105657443313673127e+01,0.000000000000000000e+00
0.000000000000000000e+00,0.000000000000000000e+00,7.972808548203709525e-17,1.383874632241904702e-13,1.393695757628418252e-03,4.105657443313248223e+01,0.000000000000000000e+00
0.000000000000000000e+00,0.000000000000000000e+00,1.059727766402159409e-15,4.424760637889443927e-14,1.393695757628592808e-03,4.105657443318553135e+01,0.000000000000000000e+00
0.000000000000000000e+00,0.000000000000000000e+00,5.392865374374670602e-16,4.771690562945082753e-14,1.393695757628508891e-03,4.105657443318710165e+01,0.000000000000000000e+00
0.000000000000000000e+00,0.000000000000000000e+00,2.541645989906034957e-15,1.886454459441757680e-13,1.393695757628483087e-03,4.105657443319145727e+01,0.000000000000000000e+00
0.000000000000000000e+00,0.000000000000000000e+00,7.000399175519867687e-16,-2.605028389322168056e-14,1.393695757628747849e-03,4.105657443312983901e+01,0.000000000000000000e+00
0.000000000000000000e+00,0.000000000000000000e+00,1.441576394574307291e-15,6.733070565264156018e-14,1.393695757628766064e-03,4.105657443313287303e+01,0.000000000000000000e+00
0.000000000000000000e+00,0.000000000000000000e+00,2.144507119421545198e-15,-2.370982200030848367e-14,1.393695757628807264e-03,4.105657443308617616e+01,0.000000000000000000e+00
0.000000000000000000e+00,0.000000000000000000e+00,-4.532043753621635265e-16,-8.744210752069735630e-14,1.393695757628561583e-03,4.105657443313560861e+01,0.000000000000000000e+00
0.000000000000000000e+00,0.000000000000000000e+00,2.541241369547850570e-15,8.052379981605144932e-14,1.393695757628599530e-03,4.105657443313148747e+01,0.000000000000000000e+00
0.000000000000000000e+00,0.000000000000000000e+00,4.218169648593421792e-16,-1.333932254139261402e-13,1.393695757628353633e-03,4.105657443313024402e+01,0.000000000000000000e+00
0.000000000000000000e+00,0.000000000000000000e+00,-7.906348636715922576e-16,-2.913198654211881424e-14,1.393695757628524937e-03,4.105657443318315813e+01,0.000000000000000000e+00
0.000000000000000000e+00,0.000000000000000000e+00,1.489690827943448695e-15,-7.102111125664509628e-14,1.393695757628537297e-03,4.105657443318739297e+01,0.000000000000000000e+00
0.000000000000000000e+00,0.000000000000000000e+00,-2.504221287706693449e-15,-2.234803370128776498e-13,1.393695757628418685e-03,4.105657443318681743e+01,0.000000000000000000e+00
0.000000000000000000e+00,0.000000000000000000e+00,-4.507774916914560865e-16,2.491116802606644688e-14,1.393695757628808998e-03,4.105657443313863553e+01,0.000000000000000000e+00
0.000000000000000000e+00,0.000000000000000000e+00,-1.123986149462406923e-15,-1.927990438949024894e-13,1.393695757628782977e-03,4.105657443314068900e+01,0.000000000000000000e+00
0.000000000000000000e+00,0.000000000000000000e+00,-2.347678799270778299e-15,-4.397773289291388995e-15,1.393695757628766498e-03,4.105657443308982124e+01,0.000000000000000000e+00
0.000000000000000000e+00,0.000000000000000000e+00,4.972466964709339538e-16,7.179671237076492159e-14,1.393695757628611240e-03,4.105657443312637156e+01,0.000000000000000000e+00
0.000000000000000000e+00,0.000000000000000000e+00,-1.778248588642365561e-15,-5.732915401267698961e-14,1.393695757628636827e-03,4.105657443312866661e+01,0.000000000000000000e+00
0.000000000000000000e+00,0.000000000000000000e+00,-9.490258646649927787e-16,1.017342546382314148e-13,1.393695757628308531e-03,4.105657443313188537e+01,0.000000000000000000e+00
0.000000000000000000e+00,0.000000000000000000e+00,1.953314033358893852e-15,1.092668702802617627e-13,1.393695757628474197e-03,4.105657443313200616e+01,0.000000000000000000e+00
0.000000000000000000e+00,0.000000000000000000e+00,-8.628781468344014407e-16,6.759099002189796210e-14,1.393695757628464873e-03,4.105657443313427990e+01,0.000000000000000000e+00
0.000000000000000000e+00,0.000000000000000000e+00,1.419421727047888416e-15,1.783634662081108760e-13,1.393695757628395700e-03,4.105657443318249733e+01,0.000000000000000000e+00
0.000000000000000000e+00,0.000000000000000000e+00,1.377140024536567021e-15,-4.036332847194273698e-14,1.393695757628516047e-03,4.105657443318059308e+01,0.000000000000000000e+00
0.000000000000000000e+00,0.000000000000000000e+00,1.454372971503634619e-15,1.753293800506251364e-13,1.393695757628483521e-03,4.105657443318255417e+01,0.000000000000000000e+00
0.000000000000000000e+00,0.000000000000000000e+00,1.751612556439311246e-15,3.202727625846227494e-14,1.393695757628739609e-03,4.105657443313320698e+01,0.000000000000000000e+00
0.000000000000000000e+00,0.000000000000000000e+00,8.014567417081991639e-17,-1.012469782308218359e-13,1.393695757628792302e-03,4.105657443314005661e+01,0.000000000000000000e+00
0.000000000000000000e+00,0.000000000000000000e+00,1.738398035621584297e-15,2.821163213307900149e-14,1.393695757628791217e-03,4.105657443313536703e+01,0.000000000000000000e+00
0.000000000000000000e+00,0.000000000000000000e+00,3.994929857114357497e-16,-1.010746844265444195e-13,1.393695757628593676e-03,4.105657443312928478e+01,0.000000000000000000e+00
